id;first_name;last_name;gender;email;salary;full_address;join_date
1;Claiborne;McGarva;male;;$6068.85;Falls Church, VA;12.06.2023
2;Gino;Larmouth;fem;;$5053.20;Topeka, KS;13.04.2024
3;Lauryn;Hance;Male;lhance2@zimbio.com;$4307.72;Lincoln, NE;25.12.2023
4;Therese;;F;tomarkey3@seesaa.net;$3825.95;Pittsburgh, PA;19.02.2023
5;LEANN;Braim;M;;$5519.87;Bellevue, WA;21.04.2025
6;MIKOL;Gori;Male;mgori5@bloglovin.com;$5582.40;Santa Cruz, CA;26.02.2025
7;Star;MacArthur;Male;smacarthur6@berkeley.edu;$6142.33;Honolulu, HI;12.04.2023
8;Charlotta;Lendon;female;clendon7@economist.com;$4159.50;Asheville, NC;06.03.2025
9;Star;Micka;Male;smicka8@boston.com;$5108.88;San Francisco, CA;17.05.2023
10;Bianca;Hubbold;Unknown;bhubbold9@wikispaces.com;$5507.56;Santa Ana, CA;23.06.2025
11;ROSEMONDE;Chimienti;fem;rchimientia@acquirethisname.com;$4557.42;Whittier, CA;11.09.2024
12;BRUNHILDE;Bunch;female;bbunchb@wikimedia.org;$6547.82;Los Angeles, CA;08.01.2024
13;Tabitha;Pattini;male;tpattinic@dot.gov;$5798.69;Tallahassee, FL;28.09.2024
14;PEPE;Armsden;F;parmsdend@bravesites.com;$3953.90;Chicago, IL;17.05.2025
15;Manya;Lammert;Female;mlammerte@wikimedia.org;$5752.58;Saint Cloud, MN;18.02.2024
16;Patrica;Carolan;Female;pcarolanf@mysql.com;$3992.18;Knoxville, TN;11.09.2025
17;Dukie;Jeffree;Male;djeffreeg@arstechnica.com;$5983.92;Saint Louis, MO;26.06.2023
18;Benito;Millican;Unknown;bmillicanh@slate.com;$6292.00;Philadelphia, PA;05.06.2025
19;Reynold;Kerman;Male;;$6804.10;Lexington, KY;22.06.2023
20;Theodora;Wedon;F;;$3881.27;Oklahoma City, OK;22.07.2025
21;HUBERT;Rowesby;Unknown;;$4349.44;Columbus, OH;16.01.2025
22;Linea;Glas;female;lglasl@tripod.com;$6289.31;Metairie, LA;24.11.2024
23;Lauralee;Gianninotti;Female;lgianninottim@wisc.edu;$5192.46;Orange, CA;29.04.2025
24;Katherina;McFaell;M;kmcfaelln@sun.com;$5618.86;Jersey City, NJ;23.01.2023
25;Maible;Parratt;fem;mparratto@comcast.net;$6664.24;Spokane, WA;09.09.2024
26;Wilburt;;M;wpoppyp@dedecms.com;$5256.59;Lincoln, NE;14.10.2024
27;Koo;Burgisi;F;kburgisiq@army.mil;$6618.41;Newark, NJ;04.03.2024
28;ELMER;Walaron;Unknown;ewalaronr@cafepress.com;$5426.09;Lexington, KY;22.11.2024
29;Jake;Neasham;Unknown;jneashams@bizjournals.com;$5550.00;Dallas, TX;30.05.2024
30;Emlen;Ganing;female;;$5187.11;New Hyde Park, NY;27.09.2025
31;Shannon;Darkins;Unknown;sdarkinsu@cbsnews.com;$4128.02;Fort Worth, TX;25.04.2025
32;ARABELLE;Flode;Unknown;;$4027.61;North Las Vegas, NV;15.06.2025
33;Lorrie;Adrian;M;;$4467.51;Rochester, NY;28.08.2024
34;Marci;D'Avaux;female;mdavauxx@cbc.ca;$6525.75;Fort Lauderdale, FL;02.09.2024
35;Durante;Dickey;M;ddickeyy@networkadvertising.org;$4212.91;Southfield, MI;09.12.2025
36;Mano;Ruddell;Unknown;mruddellz@bandcamp.com;$6413.49;Madison, WI;23.10.2023
37;Cullin;Terrington;Male;cterrington10@wisc.edu;$4346.02;Shreveport, LA;26.03.2025
38;Harmonie;Sandle;M;hsandle11@tinypic.com;$5401.05;Charlottesville, VA;04.04.2024
39;Claudius;Cooke;Male;ccooke12@pinterest.com;$6411.83;El Paso, TX;04.04.2025
40;Claudina;;Male;cemett13@eepurl.com;$4929.60;Mc Keesport, PA;19.03.2024
41;Ettore;Krugmann;Unknown;ekrugmann14@ehow.com;$5499.61;Greeley, CO;15.10.2025
42;Lind;Nutkin;M;lnutkin15@imgur.com;$6699.91;Los Angeles, CA;02.11.2023
43;Nathanil;Leiden;F;nleiden16@ifeng.com;$6757.12;Washington, DC;05.07.2024
44;ALOYSIA;Purkins;female;;$4780.39;Clearwater, FL;11.05.2025
45;Krysta;Wiltshire;F;kwiltshire18@umn.edu;$4132.13;Los Angeles, CA;09.02.2023
46;Aigneis;Amori;F;aamori19@wikimedia.org;$4961.15;Duluth, GA;20.01.2023
47;Ali;Attride;M;aattride1a@altervista.org;$4544.17;Saint Petersburg, FL;23.07.2024
48;Irv;Tomalin;Male;itomalin1b@wix.com;$5342.51;Mobile, AL;06.09.2025
49;Izabel;Fishly;Female;ifishly1c@bandcamp.com;$5713.50;Sacramento, CA;18.05.2024
50;ODELINDA;Winspear;male;owinspear1d@ed.gov;$5833.29;Tulsa, OK;19.12.2023
51;Paloma;;F;pmcentegart1e@homestead.com;$4825.80;Alpharetta, GA;05.04.2023
52;Rickert;Casaro;Male;rcasaro1f@thetimes.co.uk;$5153.23;Laredo, TX;27.07.2025
53;VIVIE;Colomb;male;vcolomb1g@nationalgeographic.com;$4233.01;New York City, NY;20.06.2025
54;Goldarina;Ryves;F;gryves1h@nationalgeographic.com;$6548.59;Dayton, OH;05.06.2023
55;CALDWELL;Durman;F;cdurman1i@surveymonkey.com;$3896.29;Albany, NY;01.08.2023
56;Rolland;Shirley;Female;rshirley1j@sohu.com;$6040.45;Bakersfield, CA;18.09.2025
57;Gabriela;Gradon;Male;ggradon1k@google.ru;$4668.01;Washington, DC;19.01.2025
58;EDITHA;Claussen;M;;$5479.96;Austin, TX;30.10.2025
59;Mayne;Rivlin;Female;mrivlin1m@bbc.co.uk;$6551.35;Richmond, VA;25.01.2025
60;Eugenius;Trew;M;etrew1n@admin.ch;$5672.11;San Francisco, CA;15.04.2024
61;Ramsay;Masurel;Male;;$5275.49;Tulsa, OK;04.02.2024
62;Pete;Baish;Male;;$5154.68;Plano, TX;15.04.2024
63;Skyler;Bodocs;M;sbodocs1q@flavors.me;$5372.07;El Paso, TX;05.04.2025
64;Hamnet;Snary;Female;hsnary1r@tmall.com;$5292.85;Seattle, WA;12.11.2023
65;Zelma;Tchir;Unknown;ztchir1s@netvibes.com;$4415.70;New Orleans, LA;06.05.2023
66;FRANCISCA;Kinane;M;;$5542.52;Richmond, VA;15.04.2025
67;MARLEY;;M;mdufour1u@cnn.com;$5881.26;Mobile, AL;27.09.2024
68;Kain;Wrankmore;Male;kwrankmore1v@nasa.gov;$5209.74;Columbus, OH;29.11.2025
69;Horten;Halliwell;F;hhalliwell1w@discovery.com;$4433.43;Greensboro, NC;06.03.2024
70;Marrilee;Youll;Male;myoull1x@europa.eu;$5962.73;Reno, NV;07.12.2023
71;Nolan;Goodsal;Female;;$5235.77;Wilkes Barre, PA;21.01.2024
72;Arny;Londing;male;alonding1z@netvibes.com;$5516.45;Minneapolis, MN;09.12.2023
73;Leeanne;Piatkowski;Female;lpiatkowski20@stumbleupon.com;$5062.81;El Paso, TX;23.01.2024
74;Laurette;Dryburgh;Male;ldryburgh21@jigsy.com;$6821.08;Iowa City, IA;12.11.2023
75;HEDWIGA;Catlin;Unknown;;$6327.23;Minneapolis, MN;18.02.2025
76;Ax;Somerbell;Unknown;asomerbell23@163.com;$5102.12;Los Angeles, CA;21.07.2023
77;PAOLA;Kentwell;M;pkentwell24@xrea.com;$6058.16;Tucson, AZ;07.11.2023
78;RIVY;;M;rondrasek25@squarespace.com;$5939.86;San Diego, CA;29.11.2025
79;Randee;Pipes;M;;$5591.33;Scranton, PA;17.02.2023
80;Giacobo;Millsom;female;gmillsom27@amazon.de;$5605.14;Fort Smith, AR;18.02.2025
81;DANIELE;Wimms;Female;;$4542.30;Salt Lake City, UT;09.04.2024
82;BARNETT;Ondrus;male;;$6115.36;Austin, TX;30.03.2025
83;Mollee;;Unknown;mberwick2a@yellowbook.com;$6340.07;Sacramento, CA;31.12.2024
84;Hillyer;Borleace;Female;hborleace2b@webnode.com;$4794.75;Orlando, FL;29.11.2023
85;Panchito;Lamanby;fem;plamanby2c@latimes.com;$5080.69;Kingsport, TN;25.06.2023
86;Carree;Caldecourt;M;ccaldecourt2d@homestead.com;$6063.39;Shreveport, LA;18.06.2025
87;Karilynn;Smithers;male;ksmithers2e@issuu.com;$6166.62;Madison, WI;09.12.2025
88;Katrinka;Bergstrand;F;kbergstrand2f@networkadvertising.org;$4322.58;Cincinnati, OH;02.11.2023
89;Gert;Bulman;Unknown;gbulman2g@facebook.com;$5384.34;Harrisburg, PA;13.07.2024
90;Tory;Kellock;F;tkellock2h@fastcompany.com;$5004.63;Lincoln, NE;07.07.2023
91;Ivor;MacPadene;M;;$5543.59;Arlington, VA;03.06.2025
92;Sara-ann;Dreini;female;;$5730.91;Columbus, OH;22.04.2025
93;Vidovik;Wallicker;male;vwallicker2k@exblog.jp;$3900.37;Houston, TX;22.12.2024
94;TIEBOLD;Winckworth;male;twinckworth2l@tumblr.com;$4783.24;Charlotte, NC;09.03.2025
95;Lexi;MacKegg;Female;lmackegg2m@oracle.com;$5538.54;Spring, TX;27.08.2024
96;Sloan;Fink;fem;sfink2n@tripadvisor.com;$4386.50;Cincinnati, OH;29.01.2025
97;Madelene;Larkcum;F;mlarkcum2o@yahoo.co.jp;$4444.27;Los Angeles, CA;31.03.2023
98;Bear;Zellick;fem;bzellick2p@berkeley.edu;$6453.87;Glendale, CA;14.10.2024
99;Clementius;Bowditch;fem;cbowditch2q@dmoz.org;$6424.86;Huntington, WV;10.12.2025
100;Salomi;Weedon;fem;;$5925.95;Louisville, KY;01.12.2023
101;Glori;Allston;M;gallston2s@sbwire.com;$5841.79;Santa Barbara, CA;13.02.2023
102;Myrwyn;Brader;Female;mbrader2t@utexas.edu;$4345.31;Denton, TX;10.08.2024
103;Janifer;O'Hannen;Unknown;johannen2u@1und1.de;$4045.68;Hagerstown, MD;13.10.2025
104;Ingra;Hanster;Female;;$4418.95;Atlanta, GA;26.12.2025
105;Klara;Torn;Female;ktorn2w@japanpost.jp;$6443.22;Punta Gorda, FL;21.02.2023
106;Jo-ann;Calcraft;F;jcalcraft2x@4shared.com;$4967.80;Indianapolis, IN;17.09.2023
107;Ivan;Carnihan;female;icarnihan2y@ow.ly;$6387.53;Houston, TX;17.09.2023
108;GRANVILLE;Fontell;M;gfontell2z@nba.com;$4643.79;Brooklyn, NY;23.01.2023
109;Rafaelita;;Female;;$6660.25;Peoria, IL;18.01.2024
110;Federica;Worsnop;F;fworsnop31@admin.ch;$6262.30;Saint Louis, MO;21.03.2023
111;Jameson;Starten;male;jstarten32@latimes.com;$5592.50;Trenton, NJ;27.03.2025
112;Sallyann;Molesworth;female;smolesworth33@bigcartel.com;$4042.54;Los Angeles, CA;26.05.2025
113;Merrilee;Tinkler;fem;mtinkler34@cornell.edu;$5194.22;Canton, OH;21.09.2025
114;EVVIE;Lamey;Male;elamey35@msu.edu;$5446.87;Canton, OH;28.02.2025
115;Jane;Band;M;jband36@symantec.com;$4402.06;Denver, CO;22.09.2025
116;Sherwynd;Storek;female;sstorek37@telegraph.co.uk;$6285.21;Dayton, OH;03.01.2025
117;Randy;Kemmey;female;rkemmey38@icio.us;$4287.77;Saint Louis, MO;25.09.2025
118;Billy;Crabbe;M;;$4189.54;Pensacola, FL;27.02.2024
119;BERNARDINA;Woodroof;M;;$4622.75;San Antonio, TX;16.12.2023
120;DOMINIK;Burcombe;F;dburcombe3b@example.com;$6063.58;Saint Petersburg, FL;30.03.2025
121;YVETTE;Elgee;male;yelgee3c@oaic.gov.au;$4128.90;Stamford, CT;13.12.2023
122;Gregorius;Helliwell;F;ghelliwell3d@google.co.uk;$4627.07;Canton, OH;19.12.2023
123;Stephanie;Matysiak;male;smatysiak3e@posterous.com;$6695.80;Seattle, WA;10.02.2025
124;Cathie;Cato;F;ccato3f@mtv.com;$4701.20;Columbia, SC;06.02.2023
125;Spencer;Lightwing;F;slightwing3g@ted.com;$3824.04;Oklahoma City, OK;15.10.2023
126;Gabbie;Pierpoint;male;gpierpoint3h@bluehost.com;$4181.70;Denver, CO;31.08.2023
127;Flory;Cuttings;Unknown;fcuttings3i@wired.com;$4959.48;Lansing, MI;13.08.2024
128;Hunt;Kerwen;M;hkerwen3j@cargocollective.com;$6366.66;Los Angeles, CA;26.06.2025
129;THORN;Barkess;fem;tbarkess3k@topsy.com;$5774.68;Billings, MT;03.10.2025
130;Vanya;Debling;Male;;$5648.47;Young America, MN;13.04.2025
131;Yettie;Boyett;Male;yboyett3m@squidoo.com;$5540.25;New York City, NY;08.04.2023
132;Malissia;Tallquist;M;mtallquist3n@sbwire.com;$4774.99;Springfield, IL;24.01.2024
133;Ericha;Crank;F;ecrank3o@ibm.com;$5203.05;Trenton, NJ;30.11.2023
134;Derril;McNevin;Male;dmcnevin3p@sbwire.com;$6841.74;Denver, CO;28.11.2024
135;BOBBETTE;Lilleman;fem;blilleman3q@narod.ru;$4873.78;Corpus Christi, TX;09.06.2023
136;JACQUELYNN;Bertie;F;jbertie3r@bizjournals.com;$4417.45;Charlotte, NC;11.04.2023
137;Shannon;Pengelley;male;;$3859.56;Albany, NY;30.01.2024
138;Tarrah;Steen;F;tsteen3t@wix.com;$4128.24;Manassas, VA;14.06.2023
139;TAMMA;Crumbie;male;tcrumbie3u@123-reg.co.uk;$4407.34;Silver Spring, MD;24.08.2023
140;Bunny;Hovel;Female;bhovel3v@odnoklassniki.ru;$5562.24;Savannah, GA;16.08.2023
141;Alessandro;Andreaccio;Male;aandreaccio3w@about.me;$4115.04;Indianapolis, IN;20.05.2025
142;Vite;Peert;fem;;$6427.89;Birmingham, AL;05.10.2023
143;Alastair;Rains;Female;arains3y@abc.net.au;$3890.61;Charleston, WV;20.06.2025
144;Lonee;Bentke;fem;;$5791.00;Minneapolis, MN;04.11.2025
145;Estele;Hambric;Male;;$5211.57;Inglewood, CA;01.03.2023
146;TERESITA;;fem;tjones41@vk.com;$5948.36;Longview, TX;15.02.2023
147;BRYNNA;Pilsbury;male;bpilsbury42@walmart.com;$5105.39;Huntsville, AL;20.08.2025
148;EADITH;Petett;Female;epetett43@reverbnation.com;$6199.02;Kansas City, KS;10.08.2024
149;DEBRA;Delle;fem;ddelle44@irs.gov;$6312.21;Houston, TX;16.03.2023
150;SHARRON;O'Carmody;fem;socarmody45@slashdot.org;$5675.41;Tulsa, OK;05.09.2025
151;Alva;Christophers;Female;achristophers46@etsy.com;$5710.14;Jefferson City, MO;27.03.2024
152;SHELIA;Ausiello;female;sausiello47@mediafire.com;$6473.73;Boise, ID;07.09.2023
153;JACQUI;;F;jwingeat48@sphinn.com;$6719.48;Duluth, GA;06.03.2024
154;Boote;Corck;Unknown;bcorck49@wired.com;$4065.70;Las Vegas, NV;07.11.2024
155;Shellie;Binstead;Unknown;;$6802.45;Pensacola, FL;17.06.2024
156;Fanchon;Girone;Unknown;fgirone4b@behance.net;$5411.60;Omaha, NE;01.11.2023
157;Nikolos;Leavey;F;;$3764.45;Cincinnati, OH;14.12.2024
158;Cesare;Larkkem;Male;;$4091.31;Springfield, MO;06.05.2024
159;Jakie;Chaves;fem;jchaves4e@wisc.edu;$4174.70;Wichita, KS;03.02.2025
160;Felizio;Schwier;F;fschwier4f@discovery.com;$4972.40;Bronx, NY;07.07.2024
161;Neddie;Rosenhaus;female;nrosenhaus4g@bigcartel.com;$5666.43;Kansas City, MO;23.03.2025
162;Joaquin;Dhennin;F;;$3817.71;Lake Charles, LA;18.12.2023
163;RHODY;Stirman;F;rstirman4i@taobao.com;$5203.05;New York City, NY;06.06.2023
164;Rollo;Drejer;Male;;$5114.29;Montgomery, AL;19.09.2023
165;Dorri;Scarbarrow;male;dscarbarrow4k@fc2.com;$6315.68;Pensacola, FL;24.07.2023
166;Britni;Effnert;Male;beffnert4l@issuu.com;$5770.70;Portland, OR;28.12.2024
167;Flossi;Millam;female;fmillam4m@diigo.com;$4207.00;Detroit, MI;18.04.2023
168;Donelle;Escolme;male;descolme4n@irs.gov;$4838.84;Daytona Beach, FL;04.09.2023
169;Zechariah;Sapson;M;zsapson4o@printfriendly.com;$5680.03;Santa Fe, NM;06.04.2023
170;Ludvig;;fem;lsiaspinski4p@ted.com;$5321.52;Hartford, CT;22.05.2025
171;Raimundo;Fawcett;Male;rfawcett4q@studiopress.com;$4708.81;Washington, DC;18.08.2025
172;Wiley;Rilings;male;wrilings4r@linkedin.com;$3915.41;Seattle, WA;18.07.2025
173;Red;Vidler;female;;$4013.77;Austin, TX;15.11.2024
174;Heather;Daintry;Female;;$5970.44;Erie, PA;24.12.2023
175;Cal;Hobgen;Male;chobgen4u@amazon.de;$3707.00;Washington, DC;15.05.2023
176;Rafaelita;Matchitt;M;rmatchitt4v@sina.com.cn;$5172.98;Santa Barbara, CA;05.10.2023
177;Flynn;Clardge;M;fclardge4w@census.gov;$5471.82;Austin, TX;07.10.2024
178;MADDI;Voelker;Male;mvoelker4x@ted.com;$6303.24;Orlando, FL;28.11.2024
179;Cathryn;Spirritt;F;cspirritt4y@gnu.org;$6088.24;Las Cruces, NM;24.01.2025
180;Emlyn;Pohling;Female;epohling4z@hp.com;$6749.89;Trenton, NJ;25.09.2023
181;Danell;Kenningham;F;dkenningham50@symantec.com;$6638.01;Long Beach, CA;18.04.2023
182;Lilla;Cain;F;lcain51@usda.gov;$4186.72;Detroit, MI;16.03.2023
183;VONNY;Goodlife;Unknown;vgoodlife52@meetup.com;$4810.61;Houston, TX;18.05.2023
184;Trescha;Chorlton;M;tchorlton53@mapy.cz;$5309.87;Odessa, TX;18.02.2024
185;ONIDA;Devall;female;;$4759.16;Longview, TX;01.03.2023
186;Dorolice;Bott;Male;dbott55@wunderground.com;$6467.67;Omaha, NE;07.06.2024
187;Hughie;Michieli;F;;$4534.23;Miami, FL;24.09.2025
188;Dagmar;Teek;Female;dteek57@friendfeed.com;$6522.99;Jacksonville, FL;07.11.2025
189;Pen;;fem;;$4606.81;Topeka, KS;04.10.2024
190;Ardath;Toon;fem;atoon59@deviantart.com;$5659.67;San Jose, CA;09.10.2025
191;Leeanne;Possa;fem;;$6521.51;Miami, FL;21.10.2025
192;Omero;Lauga;Male;olauga5b@berkeley.edu;$5529.50;Hartford, CT;08.11.2024
193;Teena;Langstrath;Male;tlangstrath5c@bandcamp.com;$6831.84;Huntington, WV;09.10.2025
194;ARTE;Biddlecombe;Unknown;abiddlecombe5d@purevolume.com;$5295.08;Reno, NV;08.12.2023
195;Conney;Fenning;Male;;$6282.47;Wilmington, DE;17.01.2025
196;Ennis;O'Kuddyhy;Male;eokuddyhy5f@mashable.com;$5484.58;Seattle, WA;28.06.2024
197;Mikel;Kilfeather;Female;mkilfeather5g@shop-pro.jp;$6029.89;Baltimore, MD;12.12.2024
198;Osmond;Funcheon;male;ofuncheon5h@vkontakte.ru;$5402.78;Shawnee Mission, KS;17.05.2024
199;Konrad;;male;kdowngate5i@tinyurl.com;$4480.38;Richmond, VA;15.12.2023
200;Kingsly;Mitchall;Male;kmitchall5j@nifty.com;$6136.25;Chattanooga, TN;12.02.2024
201;Alexia;Millett;fem;;$6401.96;Las Vegas, NV;02.03.2023
202;Noland;Lunt;Male;nlunt5l@jigsy.com;$4295.76;Washington, DC;08.06.2025
203;Alice;Ilsley;M;ailsley5m@imageshack.us;$5929.55;Washington, DC;02.06.2023
204;Heather;Rozier;Male;hrozier5n@google.com;$4485.52;Brooklyn, NY;11.02.2023
205;Nolana;Matevushev;Male;nmatevushev5o@deliciousdays.com;$5424.09;Jamaica, NY;25.08.2025
206;Tiler;Tolworth;F;;$4489.49;Amarillo, TX;04.08.2025
207;Mickie;Reyner;fem;mreyner5q@twitpic.com;$6740.12;Albany, NY;24.05.2025
208;Shepperd;Prettyman;M;sprettyman5r@studiopress.com;$4405.19;Tempe, AZ;15.07.2025
209;Teresa;Glencross;Unknown;tglencross5s@about.me;$5516.00;Des Moines, IA;26.09.2024
210;Katherina;Ivankov;M;;$5068.14;Jacksonville, FL;11.03.2024
211;Augusta;Flanders;fem;aflanders5u@shinystat.com;$3836.46;Tallahassee, FL;25.07.2023
212;THORVALD;Gosnay;Unknown;tgosnay5v@com.com;$4267.22;San Francisco, CA;11.03.2024
213;CONROY;Stilwell;fem;cstilwell5w@cpanel.net;$6782.18;Baltimore, MD;14.02.2023
214;Nathanael;Roussel;female;nroussel5x@mapy.cz;$5380.31;Wilmington, DE;04.11.2024
215;Shantee;;M;;$6415.14;Washington, DC;16.01.2025
216;Cass;Muggleston;Unknown;cmuggleston5z@usa.gov;$5702.81;Lehigh Acres, FL;09.09.2023
217;Raychel;Durran;Male;rdurran60@tinypic.com;$6237.93;Decatur, IL;24.08.2025
218;Ray;Pietrowski;male;rpietrowski61@icio.us;$5319.25;Marietta, GA;01.11.2024
219;LISSIE;Chasemoore;male;lchasemoore62@wiley.com;$5162.81;Washington, DC;06.01.2023
220;ISAIAH;Chstney;female;ichstney63@howstuffworks.com;$5166.11;Fort Lauderdale, FL;24.06.2023
221;Hestia;Bedells;Male;;$5440.33;Camden, NJ;16.05.2023
222;BERTHE;Whittier;Female;bwhittier65@pinterest.com;$4572.53;Tampa, FL;17.04.2025
223;Gabi;Samsworth;Male;gsamsworth66@comcast.net;$6756.52;Columbus, OH;02.06.2024
224;RAD;Whitcombe;Female;rwhitcombe67@newsvine.com;$4882.65;Washington, DC;21.10.2023
225;Margret;Bousquet;fem;;$4582.28;Newark, NJ;05.04.2025
226;GENIA;Blondel;female;gblondel69@google.ca;$5099.75;Phoenix, AZ;19.03.2023
227;Steven;Shier;F;sshier6a@dell.com;$4693.27;Grand Rapids, MI;27.06.2024
228;Judye;Gentil;Unknown;;$6417.91;Savannah, GA;31.05.2023
229;NEDI;Lockton;male;nlockton6c@histats.com;$6468.56;Fargo, ND;19.01.2024
230;Abba;Dumbelton;Unknown;adumbelton6d@de.vu;$5253.60;Mountain View, CA;04.05.2025
231;Timoteo;Curphey;Female;tcurphey6e@friendfeed.com;$5977.40;Philadelphia, PA;19.02.2025
232;Hillier;Howorth;Male;hhoworth6f@prnewswire.com;$6153.70;Naples, FL;08.08.2024
233;ELIAS;Ewestace;F;;$6782.95;Charlotte, NC;01.05.2025
234;Birdie;;fem;bmuirhead6h@time.com;$4111.31;Vienna, VA;01.11.2023
235;Annnora;;female;;$5134.05;Washington, DC;04.07.2023
236;ETTA;Gooder;M;egooder6j@japanpost.jp;$5110.94;Louisville, KY;20.08.2025
237;Hershel;Simmonett;Female;hsimmonett6k@g.co;$4038.64;Fort Wayne, IN;20.05.2024
238;GABBIE;Tafani;Male;gtafani6l@nymag.com;$6432.99;Washington, DC;20.07.2025
239;HARRY;Qualtro;F;hqualtro6m@digg.com;$3836.90;Dayton, OH;28.06.2023
240;JAQUENETTA;Bumpus;fem;jbumpus6n@goo.ne.jp;$6605.17;Young America, MN;21.09.2025
241;Marvin;Muncer;M;mmuncer6o@nature.com;$5816.91;Shreveport, LA;03.10.2025
242;ROSETTA;Jordon;Unknown;rjordon6p@sbwire.com;$6355.44;Fairbanks, AK;07.03.2024
243;Justine;;fem;jhubbucke6q@istockphoto.com;$4932.49;Los Angeles, CA;04.10.2023
244;Allyn;Ferrand;Unknown;aferrand6r@forbes.com;$3702.64;Dallas, TX;15.05.2025
245;CARMINA;Beller;Unknown;cbeller6s@mysql.com;$4397.76;Norfolk, VA;24.06.2023
246;Aksel;Bachanski;Female;abachanski6t@dailymail.co.uk;$4311.13;Huntington, WV;29.08.2024
247;Collin;Fairall;F;cfairall6u@ed.gov;$6570.22;Wilkes Barre, PA;13.09.2023
248;Sydelle;Dowsing;Unknown;sdowsing6v@about.me;$6675.86;Kansas City, MO;19.05.2023
249;Joelle;Speake;fem;;$6135.63;Atlanta, GA;30.05.2023
250;HORST;;female;;$6194.62;Miami, FL;31.01.2023
251;WINFRED;Starmer;fem;;$3733.67;Tampa, FL;13.08.2025
252;ANABEL;Blackie;Female;ablackie6z@reference.com;$6411.23;Pompano Beach, FL;08.02.2023
253;Eimile;;fem;elowater70@va.gov;$4399.64;Nashville, TN;17.01.2024
254;Jamie;;Female;jsoares71@arizona.edu;$3819.81;Naples, FL;01.01.2023
255;MAXIMILIEN;Robeson;M;mrobeson72@yolasite.com;$3871.28;Little Rock, AR;28.09.2024
256;Gertruda;Itscowicz;Unknown;gitscowicz73@sitemeter.com;$6654.85;Fresno, CA;24.06.2023
257;Nelly;Corballis;fem;;$6816.58;West Palm Beach, FL;17.07.2024
258;Barbabra;Judd;fem;;$5078.23;Wilkes Barre, PA;04.04.2025
259;Goddart;Hexter;fem;ghexter76@zimbio.com;$4365.75;Louisville, KY;22.08.2023
260;CULVER;Mallows;fem;cmallows77@posterous.com;$6622.92;Huntington Beach, CA;01.01.2024
261;Ardis;Brigdale;Unknown;abrigdale78@ucoz.com;$4485.47;Tacoma, WA;06.09.2023
262;ALESSANDRO;Forsaith;F;aforsaith79@businessinsider.com;$3962.88;Las Vegas, NV;02.12.2023
263;Norean;Falshaw;M;nfalshaw7a@free.fr;$6507.62;Valley Forge, PA;22.06.2025
264;JOBI;Mattingly;F;jmattingly7b@utexas.edu;$5077.60;Bakersfield, CA;10.07.2025
265;Arlee;Cloke;M;acloke7c@si.edu;$6430.27;Stockton, CA;28.07.2023
266;Charla;Goscomb;male;cgoscomb7d@cbsnews.com;$3781.07;Richmond, VA;30.04.2024
267;Brandea;Kiffe;female;bkiffe7e@bigcartel.com;$5053.03;New York City, NY;01.06.2024
268;My;Prover;male;;$4849.83;Phoenix, AZ;30.11.2025
269;Melitta;Spritt;Female;mspritt7g@histats.com;$6080.51;Miami, FL;20.09.2025
270;Rozamond;Stallwood;fem;rstallwood7h@ibm.com;$4880.06;Omaha, NE;22.08.2023
271;Fayette;Hirthe;Unknown;;$4106.62;Las Vegas, NV;04.05.2024
272;Rasia;Maplethorp;Male;rmaplethorp7j@g.co;$4154.82;Chicago, IL;25.04.2025
273;Edgard;Gouinlock;Female;egouinlock7k@auda.org.au;$5948.19;South Bend, IN;23.11.2024
274;Edi;De Filippo;male;edefilippo7l@ycombinator.com;$4195.54;Springfield, OH;08.04.2024
275;Helli;Kayzer;Female;hkayzer7m@yale.edu;$3739.45;Erie, PA;05.04.2024
276;Appolonia;Tracy;M;;$6545.87;Charleston, WV;07.04.2024
277;Madge;Vales;male;mvales7o@adobe.com;$6706.70;Cambridge, MA;27.01.2023
278;Corrianne;Schwandermann;male;;$4533.07;Houston, TX;19.07.2024
279;Giffie;McEntagart;Male;gmcentagart7q@desdev.cn;$4624.39;Houston, TX;22.09.2025
280;Gerrie;Looby;female;glooby7r@merriam-webster.com;$4934.06;Charlotte, NC;07.08.2025
281;Wendye;Gallemore;Unknown;wgallemore7s@icio.us;$6253.80;Corpus Christi, TX;18.01.2024
282;Erinn;Northidge;M;enorthidge7t@bbb.org;$5786.14;Orlando, FL;12.08.2025
283;Maddie;Hauxley;fem;mhauxley7u@ycombinator.com;$3877.72;Virginia Beach, VA;01.01.2026
284;Harmonie;Chew;Female;;$5086.43;San Antonio, TX;28.02.2024
285;Onofredo;Notton;M;onotton7w@ft.com;$4701.32;Amarillo, TX;15.06.2024
286;Kizzee;Baudin;Unknown;kbaudin7x@blogs.com;$5908.72;Wichita, KS;19.03.2023
287;CHRISTINE;Allawy;F;;$4370.37;Baltimore, MD;04.01.2024
288;Hobey;;M;hsheeran7z@ameblo.jp;$5414.81;Charlotte, NC;28.12.2024
289;Rhona;Bayley;Unknown;;$5809.11;Baton Rouge, LA;11.03.2023
290;Mikael;Hardbattle;male;mhardbattle81@shop-pro.jp;$5062.91;Houston, TX;28.01.2023
291;Hayes;Seabrocke;Unknown;;$6789.73;New York City, NY;12.04.2025
292;Nissie;Wedlock;Male;nwedlock83@bbb.org;$6278.51;Tempe, AZ;27.08.2025
293;Meir;Smitten;M;msmitten84@hugedomains.com;$4735.45;Fresno, CA;28.03.2024
294;Ave;Beaston;female;;$3986.33;Naples, FL;07.11.2024
295;Iolanthe;Eul;Female;ieul86@slideshare.net;$5048.42;El Paso, TX;17.07.2023
296;Gerardo;Arnaudin;Unknown;garnaudin87@edublogs.org;$6826.84;New York City, NY;10.06.2025
297;Elladine;Ferro;F;eferro88@house.gov;$5877.57;Fort Wayne, IN;16.09.2025
298;Gizela;Hiorn;F;ghiorn89@china.com.cn;$5399.69;Garden Grove, CA;01.04.2025
299;Angela;Slate;Unknown;;$4872.52;Tucson, AZ;11.09.2025
300;Goldi;;M;grupert8b@squidoo.com;$6159.05;Indianapolis, IN;20.05.2023
301;Courtenay;Roos;Male;croos8c@chicagotribune.com;$3960.14;El Paso, TX;26.10.2023
302;Saxon;Mant;Unknown;smant8d@geocities.com;$5919.45;Spokane, WA;13.03.2024
303;Binni;Dubble;male;;$5805.50;Shreveport, LA;10.10.2023
304;Dot;Skeete;M;dskeete8f@state.gov;$4721.82;Seattle, WA;11.06.2023
305;Evangelia;Vear;M;evear8g@google.it;$4576.22;Salinas, CA;26.05.2024
306;Ringo;Fairy;M;rfairy8h@springer.com;$4825.70;Boston, MA;17.09.2025
307;Sheilakathryn;Jellybrand;Male;sjellybrand8i@1und1.de;$6117.14;Chicago, IL;11.11.2023
308;Aldis;Ruselin;Female;aruselin8j@imdb.com;$4665.37;Huntington Beach, CA;03.04.2023
309;Bret;Pacheco;Female;bpacheco8k@merriam-webster.com;$4517.78;Billings, MT;29.03.2024
310;NIKO;Dodd;Unknown;ndodd8l@oaic.gov.au;$4309.59;Austin, TX;06.02.2024
311;Wash;Verrall;F;wverrall8m@cnet.com;$4945.03;Honolulu, HI;05.02.2025
312;Donalt;Casaro;male;dcasaro8n@amazonaws.com;$5413.72;Memphis, TN;03.06.2023
313;Michelina;Summergill;M;msummergill8o@sakura.ne.jp;$6700.69;Cleveland, OH;04.07.2025
314;Robina;Malan;F;rmalan8p@ibm.com;$5418.75;Las Vegas, NV;07.02.2024
315;Ferdy;Doulton;Female;fdoulton8q@hugedomains.com;$4917.55;Hyattsville, MD;15.06.2023
316;Kristi;Mytton;male;kmytton8r@dailymotion.com;$4198.81;Maple Plain, MN;18.10.2025
317;STILLMAN;Maypes;fem;smaypes8s@newsvine.com;$3992.31;Topeka, KS;03.01.2024
318;Bryna;Moncrieffe;Female;bmoncrieffe8t@yelp.com;$4633.33;Seattle, WA;01.06.2025
319;Nertie;McPaike;fem;;$5398.09;Roanoke, VA;27.05.2023
320;Vin;Fitch;Female;;$3956.26;Fresno, CA;08.03.2023
321;STEFFIE;Gilmartin;male;sgilmartin8w@census.gov;$6722.97;Raleigh, NC;02.01.2023
322;Tobe;MacKenny;female;tmackenny8x@yelp.com;$5389.54;Fort Myers, FL;24.07.2024
323;Adham;Rodnight;male;arodnight8y@hhs.gov;$6220.70;Indianapolis, IN;08.10.2025
324;BERNY;Mishow;female;bmishow8z@gov.uk;$4616.37;Columbus, GA;21.11.2025
325;Jesse;Corner;F;jcorner90@51.la;$4180.63;Lincoln, NE;21.10.2025
326;Merci;Bollin;male;;$6054.14;Dallas, TX;14.04.2024
327;SHANTA;Guitonneau;F;sguitonneau92@abc.net.au;$5296.48;Louisville, KY;14.07.2025
328;Candra;Strood;Female;cstrood93@macromedia.com;$5552.93;Washington, DC;12.04.2023
329;Beauregard;Budibent;Female;bbudibent94@sogou.com;$6157.20;Phoenix, AZ;13.05.2025
330;Jackie;Patrickson;Female;jpatrickson95@bloglovin.com;$3965.06;Kansas City, MO;16.01.2024
331;Rriocard;Tennison;female;;$4035.19;Huntington, WV;18.09.2024
332;Yuri;Benettini;Male;ybenettini97@hugedomains.com;$6673.14;Portland, OR;09.05.2024
333;Roxi;Shinn;female;rshinn98@ted.com;$5749.62;Englewood, CO;07.02.2024
334;Bertha;Mundee;male;bmundee99@craigslist.org;$6274.22;Baton Rouge, LA;21.08.2025
335;Bailey;Aimson;female;baimson9a@deliciousdays.com;$5171.36;New Orleans, LA;23.11.2023
336;Guilbert;Kitchingman;Unknown;;$5464.20;Fresno, CA;02.04.2024
337;FRANCESCO;Compfort;Unknown;fcompfort9c@creativecommons.org;$4581.80;Houston, TX;12.11.2024
338;Betteanne;Skelbeck;Unknown;bskelbeck9d@fastcompany.com;$3781.24;Sioux City, IA;23.02.2024
339;Jaymee;Kopec;Female;jkopec9e@huffingtonpost.com;$6375.06;Anaheim, CA;06.03.2023
340;Maximilianus;Scarff;Male;mscarff9f@arstechnica.com;$6095.44;New York City, NY;10.03.2024
341;Franklyn;Gile;fem;fgile9g@webeden.co.uk;$3802.04;San Jose, CA;20.09.2023
342;Desmond;;Male;dstorck9h@weibo.com;$5040.07;Richmond, CA;07.09.2025
343;Jacqueline;Carrigan;M;jcarrigan9i@plala.or.jp;$6256.59;Birmingham, AL;18.03.2025
344;Claudine;Schoular;female;cschoular9j@hibu.com;$5695.65;Atlanta, GA;11.01.2025
345;Obidiah;Ingolotti;male;oingolotti9k@dedecms.com;$6677.15;Sacramento, CA;11.12.2024
346;JULIA;Gurnett;fem;;$6381.10;Macon, GA;30.06.2024
347;Klara;Benes;Male;kbenes9m@discuz.net;$5180.02;Springfield, IL;25.02.2024
348;Isiahi;Cayle;male;icayle9n@github.io;$4115.47;Englewood, CO;16.09.2025
349;Duke;Render;M;drender9o@economist.com;$5785.82;Houston, TX;11.09.2025
350;Veronika;Durnell;female;vdurnell9p@marketwatch.com;$5159.49;Santa Ana, CA;08.04.2024
351;Dix;;Unknown;drostron9q@nytimes.com;$4884.93;Sacramento, CA;19.03.2024
352;Tommi;Hise;M;thise9r@goodreads.com;$5064.02;Tacoma, WA;13.09.2024
353;Dud;Layzell;F;;$5583.98;Louisville, KY;13.03.2023
354;Tine;Sproson;fem;tsproson9t@angelfire.com;$5905.91;Cleveland, OH;04.06.2025
355;Rosalinde;Jossum;male;rjossum9u@tripadvisor.com;$4087.94;Santa Ana, CA;09.07.2025
356;Marlyn;Walewicz;Female;mwalewicz9v@mozilla.com;$5223.96;Tampa, FL;07.08.2025
357;Di;Giblin;M;dgiblin9w@miitbeian.gov.cn;$5801.66;Albany, NY;24.10.2025
358;AMERIGO;Kittman;Unknown;;$4320.65;Salt Lake City, UT;31.07.2023
359;Isiahi;Doreward;fem;idoreward9y@illinois.edu;$5605.19;Fairbanks, AK;20.10.2025
360;Kesley;Westwell;F;kwestwell9z@economist.com;$5873.47;Santa Clara, CA;11.06.2025
361;Cora;Vitet;F;cviteta0@blog.com;$5424.49;Canton, OH;07.03.2024
362;Libbi;Matthessen;F;;$3789.62;Suffolk, VA;19.06.2023
363;Margaretha;Maddick;Male;mmaddicka2@hugedomains.com;$3943.89;Visalia, CA;21.04.2025
364;NAOMA;Excell;F;nexcella3@kickstarter.com;$6067.06;Amarillo, TX;28.09.2025
365;Minnie;Croix;Male;mcroixa4@telegraph.co.uk;$5598.63;Los Angeles, CA;18.04.2025
366;Sibley;Lewis;female;slewisa5@whitehouse.gov;$6455.58;Vero Beach, FL;04.03.2025
367;Sunny;;female;slathama6@go.com;$5022.78;Richmond, VA;12.01.2023
368;Viviana;Porte;M;vportea7@booking.com;$4662.98;New Haven, CT;11.02.2023
369;Kellsie;Gore;fem;kgorea8@go.com;$4623.27;Spartanburg, SC;09.10.2024
370;Rosamond;Scatcher;Female;rscatchera9@istockphoto.com;$5248.13;Stockton, CA;10.01.2024
371;AIDAN;Loraine;fem;aloraineaa@apache.org;$6702.89;Lansing, MI;30.04.2023
372;Baron;Pitrelli;Female;;$6270.47;Cedar Rapids, IA;25.01.2024
373;Dottie;Endicott;F;dendicottac@youtu.be;$4270.33;Cincinnati, OH;06.09.2023
374;MATTHIAS;Weatherhogg;Unknown;mweatherhoggad@usatoday.com;$6346.88;New Orleans, LA;28.12.2024
375;Kendre;Swinburn;F;kswinburnae@tamu.edu;$5513.71;Scranton, PA;23.06.2025
376;Amery;Extall;fem;aextallaf@hao123.com;$3943.69;Roanoke, VA;28.06.2025
377;Bartel;Stormes;Unknown;bstormesag@usatoday.com;$5634.67;Nashville, TN;06.03.2024
378;Lind;Swale;Female;lswaleah@kickstarter.com;$4461.69;Charleston, WV;04.12.2024
379;Noam;Wasmer;male;nwasmerai@about.com;$3781.15;Pittsburgh, PA;12.06.2024
380;Andris;Leftridge;M;aleftridgeaj@illinois.edu;$6032.30;Omaha, NE;30.03.2023
381;Kit;Richings;female;krichingsak@indiatimes.com;$6024.10;Oklahoma City, OK;06.09.2025
382;Vera;Wesley;M;;$6294.00;Staten Island, NY;12.03.2025
383;Jarvis;Minchin;M;jminchinam@time.com;$5684.63;Columbia, SC;02.03.2025
384;Maggie;Sapir;male;msapiran@unicef.org;$5006.44;New Orleans, LA;24.09.2024
385;Ulrick;Motherwell;male;umotherwellao@usatoday.com;$6385.31;Fort Worth, TX;28.12.2023
386;Emelia;Edel;M;eedelap@marriott.com;$6608.43;Tacoma, WA;23.12.2023
387;Dun;Asaaf;Male;dasaafaq@ibm.com;$5887.20;Des Moines, IA;24.03.2024
388;Maurine;Bockh;M;mbockhar@dmoz.org;$5676.16;Sunnyvale, CA;23.04.2025
389;Theresita;Helks;M;thelksas@bigcartel.com;$5442.12;Knoxville, TN;01.08.2024
390;Tatum;Fotherby;F;tfotherbyat@paypal.com;$5626.13;Denver, CO;26.03.2024
391;Patrizio;Nystrom;F;pnystromau@vinaora.com;$4228.83;Tacoma, WA;05.02.2025
392;Agnella;Mosey;M;amoseyav@hatena.ne.jp;$5225.94;Milwaukee, WI;27.11.2024
393;Winthrop;Malham;Female;wmalhamaw@gizmodo.com;$6631.97;Ann Arbor, MI;16.08.2025
394;ROXANNA;McClounan;Unknown;;$4079.19;Columbus, GA;29.05.2025
395;Brina;Langran;Female;blangranay@bizjournals.com;$5357.37;Washington, DC;09.08.2025
396;Lilyan;Atthow;F;latthowaz@google.com.au;$4018.78;Johnstown, PA;20.08.2023
397;Billy;;female;bickovicib0@edublogs.org;$4125.34;Bakersfield, CA;08.07.2025
398;Dave;Janacek;fem;djanacekb1@ibm.com;$5689.85;New York City, NY;17.10.2024
399;Tome;Stoney;Unknown;;$5785.57;Des Moines, IA;16.02.2024
400;Elbertina;Behling;Male;;$6660.57;Rockville, MD;07.02.2023
401;Else;Gallandre;Unknown;egallandreb4@photobucket.com;$3986.74;Lima, OH;19.02.2023
402;Johnnie;Fearnley;Unknown;jfearnleyb5@cyberchimps.com;$5729.28;Charlotte, NC;03.09.2023
403;Rinaldo;Bowell;M;rbowellb6@reference.com;$5817.95;Pinellas Park, FL;23.09.2024
404;Kinna;O'Glassane;male;koglassaneb7@soundcloud.com;$5893.29;Bethesda, MD;20.02.2023
405;ELVA;Izsak;male;eizsakb8@webs.com;$4605.17;Spartanburg, SC;25.06.2023
406;Audry;Lacaze;fem;alacazeb9@so-net.ne.jp;$5365.53;New York City, NY;03.04.2025
407;Grantley;Sambrook;Unknown;gsambrookba@t.co;$3856.73;San Diego, CA;01.02.2025
408;CHLORIS;Jerschke;male;cjerschkebb@geocities.jp;$6575.29;Saint Cloud, MN;25.12.2025
409;Reese;Baptist;F;rbaptistbc@mtv.com;$5852.38;Tulsa, OK;21.01.2023
410;DEMETRE;Didsbury;M;ddidsburybd@photobucket.com;$3860.42;Metairie, LA;29.01.2025
411;Alys;Caldes;M;acaldesbe@npr.org;$4362.69;Buffalo, NY;12.08.2025
412;Julienne;Sinkin;Female;jsinkinbf@toplist.cz;$6213.30;El Paso, TX;26.06.2025
413;Ximenez;Bosenworth;female;xbosenworthbg@4shared.com;$5030.65;Saint Louis, MO;28.11.2025
414;Maynard;;male;mlefortbh@trellian.com;$3999.51;El Paso, TX;22.02.2025
415;Berthe;Sambidge;F;bsambidgebi@va.gov;$4397.45;Albuquerque, NM;03.09.2023
416;Kaycee;BURWIN;Female;kburwinbj@wikia.com;$5924.39;Spokane, WA;08.05.2024
417;Erhart;Sibbert;male;esibbertbk@plala.or.jp;$5873.85;Marietta, GA;03.04.2023
418;Fey;Rolston;Female;frolstonbl@businesswire.com;$4080.62;Daytona Beach, FL;05.11.2024
419;Paton;Feak;female;;$6226.68;Chicago, IL;14.09.2023
420;FRANSISCO;Kenwrick;male;;$3954.65;Tampa, FL;14.08.2024
421;Myrtle;;Unknown;mdawdrybo@csmonitor.com;$4126.50;Inglewood, CA;23.02.2024
422;Ephraim;Burberye;female;eburberyebp@fda.gov;$4114.47;Colorado Springs, CO;29.08.2025
423;Tripp;Zorer;M;;$5289.81;Springfield, VA;24.01.2023
424;Gunilla;Hawtrey;female;;$6816.37;Amarillo, TX;27.12.2023
425;Alfonse;Measom;Female;ameasombs@joomla.org;$4135.87;Texarkana, TX;15.11.2025
426;Kirbie;McMonnies;male;kmcmonniesbt@lulu.com;$3816.79;Lubbock, TX;04.10.2025
427;LINDSAY;Joy;fem;;$3782.04;Spartanburg, SC;17.12.2024
428;Tami;Sesser;Male;tsesserbv@senate.gov;$6459.90;New York City, NY;24.06.2025
429;Vickie;Calcott;Male;vcalcottbw@omniture.com;$6721.66;Carson City, NV;24.12.2023
430;Jamill;Ditty;Male;jdittybx@edublogs.org;$4844.19;Fresno, CA;23.02.2025
431;Eleanor;Digges;M;ediggesby@cpanel.net;$4495.73;Fort Lauderdale, FL;09.07.2024
432;Willi;Rogeon;Unknown;wrogeonbz@arizona.edu;$5012.83;San Diego, CA;21.02.2025
433;Boothe;Christensen;Unknown;bchristensenc0@bigcartel.com;$5120.39;Seattle, WA;07.09.2023
434;Vania;Kolushev;F;vkolushevc1@instagram.com;$4423.01;San Bernardino, CA;27.01.2025
435;Luise;McKnish;fem;lmcknishc2@theatlantic.com;$6449.11;New Haven, CT;07.04.2025
436;SONNNIE;Batecok;Unknown;sbatecokc3@dot.gov;$4803.53;Omaha, NE;20.08.2024
437;Ingmar;De Rye Barrett;fem;;$4129.10;Glendale, CA;19.05.2023
438;Sayer;De Bruyn;fem;sdebruync5@thetimes.co.uk;$4994.84;Omaha, NE;06.02.2025
439;Purcell;Merkel;Male;;$5555.36;Houston, TX;08.10.2023
440;Jeff;Tipper;male;;$5502.91;Bakersfield, CA;02.02.2023
441;Frederigo;Colliber;fem;fcolliberc8@deliciousdays.com;$5315.63;San Jose, CA;26.03.2023
442;RONDA;Penylton;male;rpenyltonc9@multiply.com;$6299.01;Sunnyvale, CA;27.02.2023
443;Hallsy;Welburn;Unknown;hwelburnca@marketwatch.com;$5099.75;Houston, TX;01.03.2025
444;Cris;Brammall;fem;cbrammallcb@amazon.co.uk;$6481.34;Reno, NV;14.08.2024
445;MARI;Touson;Male;mtousoncc@un.org;$6615.48;Lexington, KY;12.02.2024
446;Tanitansy;Lewry;male;tlewrycd@whitehouse.gov;$4466.84;Washington, DC;21.03.2025
447;Gussy;Barrick;fem;gbarrickce@dell.com;$4965.41;Birmingham, AL;07.09.2023
448;Any;Cranton;female;;$5595.89;Las Vegas, NV;22.04.2025
449;Daisie;Cram;Unknown;dcramcg@linkedin.com;$4525.52;Huntsville, AL;10.03.2023
450;Devin;Grigorini;M;;$5960.51;Detroit, MI;09.05.2025
451;Douglas;Treweke;M;dtrewekeci@nasa.gov;$5790.69;Bloomington, IN;27.01.2023
452;Serge;Sarfat;Male;ssarfatcj@example.com;$4639.60;Merrifield, VA;13.07.2025
453;Rinaldo;MacSorley;Male;rmacsorleyck@pbs.org;$5627.49;Saint Paul, MN;03.12.2025
454;Olag;MacClancey;female;;$6228.06;New York City, NY;06.10.2024
455;Phelia;Hanrott;fem;phanrottcm@rakuten.co.jp;$6792.30;Clearwater, FL;05.08.2025
456;MAYNORD;Mogey;female;mmogeycn@squidoo.com;$4320.34;Seminole, FL;09.04.2025
457;IVE;Washbrook;M;iwashbrookco@mediafire.com;$5842.98;Flint, MI;04.05.2023
458;Geno;Heinritz;fem;gheinritzcp@infoseek.co.jp;$5385.98;Des Moines, IA;05.06.2023
459;Giorgi;Leckey;Unknown;gleckeycq@mayoclinic.com;$3893.18;Salt Lake City, UT;19.02.2023
460;Lin;Holton;fem;;$5152.41;Roanoke, VA;28.01.2024
461;Inger;Rembaud;fem;irembaudcs@independent.co.uk;$4850.45;Chattanooga, TN;15.07.2024
462;Lauri;Varndell;male;lvarndellct@nsw.gov.au;$6280.12;Albuquerque, NM;12.11.2025
463;Putnem;Hardiman;Male;phardimancu@nps.gov;$3917.70;Portland, OR;16.09.2024
464;Reggis;Oakenfield;Male;roakenfieldcv@elpais.com;$4992.81;Miami, FL;16.06.2024
465;Christabel;Diggens;Male;cdiggenscw@home.pl;$4188.74;South Bend, IN;09.05.2023
466;Dionisio;Warboy;Unknown;dwarboycx@smh.com.au;$4756.83;Seattle, WA;15.08.2024
467;FELICIA;Innot;Unknown;finnotcy@alibaba.com;$6801.51;Fort Smith, AR;06.09.2025
468;Damara;Juan;male;djuancz@ycombinator.com;$3726.41;Lake Worth, FL;24.03.2025
469;Scott;Bourgour;male;sbourgourd0@boston.com;$5035.88;Kansas City, KS;12.07.2024
470;Sim;Twohig;Unknown;stwohigd1@washingtonpost.com;$5079.65;Lancaster, PA;03.01.2026
471;Gregorio;Chattell;fem;;$4242.62;Richmond, VA;06.05.2025
472;Llewellyn;Shoutt;Male;lshouttd3@parallels.com;$5494.04;Warren, MI;01.02.2025
473;Even;Coaker;fem;ecoakerd4@buzzfeed.com;$6205.17;San Francisco, CA;19.09.2025
474;Alli;Purse;fem;;$4372.21;Detroit, MI;07.02.2023
475;Beverie;Jencey;Female;bjenceyd6@princeton.edu;$6644.99;Sandy, UT;19.04.2023
476;Arielle;Blackston;female;;$4708.11;Atlanta, GA;24.05.2024
477;Cori;Caurah;female;ccaurahd8@webs.com;$5944.87;Brooklyn, NY;31.12.2024
478;Franklin;Aysik;F;faysikd9@netscape.com;$6840.12;Asheville, NC;02.02.2024
479;Rossie;Tuffrey;F;rtuffreyda@paypal.com;$6167.37;Washington, DC;12.11.2025
480;ISSY;Chessman;M;ichessmandb@webmd.com;$6343.20;San Diego, CA;28.06.2024
481;Creigh;Rubinsztein;M;;$6091.58;Hampton, VA;26.05.2024
482;Kathryn;Omond;Unknown;komonddd@issuu.com;$4322.61;Anderson, SC;27.06.2025
483;Ring;Digwood;F;;$3848.28;Huntsville, AL;22.06.2024
484;Blaine;Holdforth;M;;$3727.58;Pueblo, CO;29.09.2023
485;Natalie;Dreschler;Female;;$6235.56;Peoria, IL;20.10.2024
486;FRANNY;Delbergue;Female;;$5193.26;Fort Wayne, IN;19.01.2025
487;Dennie;Estoile;male;destoiledi@issuu.com;$4591.01;Des Moines, IA;28.03.2024
488;Kathe;Dibb;M;kdibbdj@engadget.com;$4425.43;Bethesda, MD;07.07.2024
489;Herschel;Biaggioni;Female;hbiaggionidk@yandex.ru;$5825.35;Virginia Beach, VA;04.11.2025
490;Happy;Redmond;male;hredmonddl@about.com;$4698.07;Miami, FL;21.02.2025
491;Wendall;Howsam;fem;;$6486.39;Sacramento, CA;29.06.2025
492;Baudoin;O'Henecan;fem;bohenecandn@vistaprint.com;$5842.92;College Station, TX;09.06.2023
493;Benedikta;Brasner;F;bbrasnerdo@house.gov;$6748.72;Bakersfield, CA;21.12.2024
494;Daryn;Duce;M;dducedp@free.fr;$4463.62;Saint Louis, MO;13.02.2025
495;Rollin;Calabry;M;rcalabrydq@howstuffworks.com;$5351.50;Honolulu, HI;24.09.2023
496;Frazer;MacLeese;Unknown;fmacleesedr@cbsnews.com;$5619.84;Saginaw, MI;02.10.2024
497;PAIGE;Cheesman;fem;pcheesmands@typepad.com;$4631.99;Anchorage, AK;28.01.2025
498;Adey;Batsford;M;abatsforddt@ucla.edu;$5380.83;Detroit, MI;19.02.2025
499;Sig;Ollarenshaw;F;;$5575.09;New Castle, PA;18.09.2025
500;ZORINE;Negal;F;znegaldv@pcworld.com;$5352.42;Jackson, MS;26.12.2024
501;Ruperta;Uc;female;rucdw@zdnet.com;$6386.34;Buffalo, NY;24.04.2025
502;Charleen;Sutherden;Female;csutherdendx@comcast.net;$6331.24;Washington, DC;07.09.2024
503;KRYSTA;Wheatley;fem;kwheatleydy@over-blog.com;$6454.53;Denton, TX;12.08.2023
504;Iggy;Josupeit;Unknown;ijosupeitdz@about.me;$6397.06;Wichita, KS;09.12.2025
505;Olivier;;Unknown;omarxsene0@amazonaws.com;$6436.76;Phoenix, AZ;28.07.2024
506;Lindie;Gerholz;F;lgerholze1@dell.com;$5731.47;Pompano Beach, FL;04.10.2025
507;Lara;Thornewill;female;;$6361.81;Fargo, ND;14.04.2023
508;Oran;Neasam;F;oneasame3@topsy.com;$4150.53;Charleston, SC;27.04.2023
509;Audra;MacAfee;male;;$4021.89;Columbus, OH;17.03.2025
510;Pavel;Palek;Male;ppaleke5@purevolume.com;$5565.33;Virginia Beach, VA;28.03.2025
511;KIMBALL;Everwin;Unknown;keverwine6@dailymail.co.uk;$3713.27;El Paso, TX;24.02.2024
512;Tammara;Musslewhite;Male;tmusslewhitee7@vistaprint.com;$4000.06;New York City, NY;29.07.2025
513;Anjanette;Halahan;M;ahalahane8@blogspot.com;$3847.00;New York City, NY;18.02.2024
514;Estrella;Bea;Unknown;ebeae9@apache.org;$5947.93;Billings, MT;28.04.2024
515;AB;Nickels;male;anickelsea@google.it;$4988.78;Irvine, CA;13.09.2024
516;Dene;;male;;$5035.90;Reston, VA;17.08.2024
517;CLETIS;Goodban;Female;cgoodbanec@mail.ru;$6543.00;Kansas City, MO;22.06.2024
518;Ferris;Clarey;Male;fclareyed@symantec.com;$5047.26;Tampa, FL;09.11.2024
519;Nikolia;Adolfson;F;nadolfsonee@time.com;$5216.82;Portland, OR;14.06.2023
520;DENNA;;Male;;$4900.72;New York City, NY;23.12.2025
521;Rosaleen;Antonoczyk;F;rantonoczykeg@webmd.com;$5779.52;Harrisburg, PA;28.10.2023
522;Ab;Jouhan;male;ajouhaneh@stanford.edu;$4804.35;Santa Barbara, CA;14.09.2024
523;Carrol;Coatman;fem;ccoatmanei@technorati.com;$6035.61;Oakland, CA;15.07.2023
524;Jodee;Hurdle;male;jhurdleej@house.gov;$5419.45;Las Vegas, NV;24.01.2025
525;Chrystal;Di Baudi;female;cdibaudiek@geocities.com;$6567.31;Phoenix, AZ;14.05.2024
526;Lane;Redmore;fem;lredmoreel@trellian.com;$5404.61;Memphis, TN;18.06.2025
527;Keely;Donald;F;kdonaldem@blogger.com;$6424.41;Shawnee Mission, KS;31.08.2025
528;Camila;Boobyer;M;cboobyeren@ehow.com;$5761.31;Oakland, CA;24.10.2024
529;Colet;Gendricke;Female;cgendrickeeo@opensource.org;$4048.67;Juneau, AK;02.01.2025
530;Bernardo;Josskoviz;male;bjosskovizep@ocn.ne.jp;$4856.88;Dallas, TX;05.09.2024
531;Basilio;Saphin;male;;$6710.10;Anderson, SC;27.03.2024
532;Andriette;Geockle;M;ageockleer@dagondesign.com;$4397.44;Paterson, NJ;20.10.2024
533;Genevra;Luckings;Male;gluckingses@statcounter.com;$6605.41;Irvine, CA;10.06.2023
534;Lilli;Sturdy;Male;lsturdyet@pbs.org;$6483.87;Greeley, CO;02.06.2023
535;Tymothy;Collings;F;tcollingseu@gizmodo.com;$5074.12;Lincoln, NE;20.01.2025
536;Nicolai;Woolgar;Male;nwoolgarev@nba.com;$4467.70;Las Vegas, NV;19.10.2023
537;ALEXIS;Durtnell;female;adurtnellew@over-blog.com;$6842.30;Billings, MT;18.03.2023
538;Julita;Gourdon;male;jgourdonex@walmart.com;$5998.91;Sarasota, FL;25.11.2025
539;Nev;Itchingham;male;nitchinghamey@cbslocal.com;$6277.26;Miami, FL;13.10.2025
540;Conn;Curnick;female;ccurnickez@delicious.com;$6647.34;Pittsburgh, PA;25.12.2024
541;Raynard;Rought;female;;$5956.77;Mobile, AL;20.11.2025
542;INGRAM;Blance;female;;$5080.40;Anchorage, AK;20.02.2024
543;Penni;Soames;M;psoamesf2@dedecms.com;$5668.86;San Diego, CA;22.11.2024
544;Nolly;Bartozzi;fem;nbartozzif3@yelp.com;$3907.61;Kalamazoo, MI;12.06.2025
545;Susanetta;;fem;sstripplingf4@shop-pro.jp;$3744.88;Knoxville, TN;31.05.2023
546;Barbi;Han;male;bhanf5@amazon.co.uk;$5454.27;Gainesville, FL;04.05.2023
547;Mahalia;Macguire;Male;mmacguiref6@ucoz.com;$4919.69;Fort Wayne, IN;05.11.2025
548;Tannie;Skyrme;Male;tskyrmef7@economist.com;$5917.05;Alexandria, VA;14.10.2023
549;Josepha;Guildford;fem;jguildfordf8@cpanel.net;$6243.17;Monroe, LA;18.10.2023
550;HILLARY;Stanbridge;Male;hstanbridgef9@pinterest.com;$5186.93;Durham, NC;06.05.2025
551;Niccolo;Spon;fem;nsponfa@creativecommons.org;$5555.11;Fort Lauderdale, FL;09.12.2024
552;Kirbee;Quinnelly;male;kquinnellyfb@youtube.com;$6354.45;Amarillo, TX;12.04.2024
553;JOAN;Pepperell;female;;$5110.61;Detroit, MI;30.01.2023
554;Selinda;Chasemore;F;schasemorefd@admin.ch;$4781.11;Harrisburg, PA;25.08.2025
555;Lynnelle;;Female;;$4781.07;Denver, CO;24.02.2023
556;BRYN;Twaite;female;btwaiteff@google.de;$5425.41;Sioux Falls, SD;13.05.2024
557;Odell;;Unknown;;$6763.96;Saint Louis, MO;12.07.2023
558;Nico;Tysall;Male;;$5514.91;Anderson, SC;14.01.2025
559;Eleen;Oldfield-Cherry;Male;eoldfieldcherryfi@cmu.edu;$3945.22;Glendale, CA;13.07.2025
560;Waverly;Croneen;female;wcroneenfj@mapquest.com;$5556.11;Phoenix, AZ;30.06.2025
561;Alphonse;Haysey;female;ahayseyfk@reverbnation.com;$6602.62;Washington, DC;01.04.2025
562;Eziechiele;Uebel;F;euebelfl@who.int;$3808.56;Buffalo, NY;26.10.2023
563;Vikki;Grayshan;male;vgrayshanfm@youtu.be;$5226.22;Washington, DC;16.02.2024
564;Olympe;Greenlees;Female;ogreenleesfn@cam.ac.uk;$6005.05;Schenectady, NY;13.08.2023
565;LENNIE;Emnoney;fem;;$5766.00;Boston, MA;08.03.2023
566;Damita;Craythorn;F;dcraythornfp@slashdot.org;$6126.65;Port Washington, NY;12.06.2025
567;Clarie;Chandlar;Male;cchandlarfq@mediafire.com;$4735.80;Idaho Falls, ID;30.04.2025
568;Tawsha;Howman;male;thowmanfr@scribd.com;$4684.10;Sacramento, CA;26.04.2025
569;ADAM;Edgworth;F;aedgworthfs@github.com;$6662.88;Salem, OR;25.04.2023
570;Neda;Van Der Straaten;M;nvanderstraatenft@ucoz.ru;$4007.35;Louisville, KY;12.03.2024
571;Doe;Kitchenham;Male;;$6172.95;North Hollywood, CA;26.08.2024
572;Nananne;Ellyatt;Unknown;nellyattfv@123-reg.co.uk;$5720.58;Houston, TX;17.11.2025
573;Tris;Beaushaw;fem;tbeaushawfw@nhs.uk;$5324.62;Las Vegas, NV;28.03.2023
574;Gregory;Mullord;Male;gmullordfx@tripod.com;$4152.47;Arlington, TX;21.09.2023
575;NICKO;Bener;Female;nbenerfy@goodreads.com;$6839.08;Boston, MA;10.12.2023
576;Esra;Amott;Male;eamottfz@webeden.co.uk;$4258.74;Houston, TX;07.11.2023
577;Mahmoud;Pidler;Female;mpidlerg0@fastcompany.com;$5921.00;Washington, DC;19.12.2024
578;Merilyn;Lerer;female;;$5590.82;Tulsa, OK;06.03.2023
579;Phil;Dyne;Unknown;pdyneg2@nasa.gov;$6121.43;Chattanooga, TN;09.12.2025
580;Mace;Baskwell;F;mbaskwellg3@liveinternet.ru;$6202.06;Pensacola, FL;04.05.2024
581;Darrelle;Treadgear;Unknown;dtreadgearg4@auda.org.au;$6229.71;Birmingham, AL;29.12.2025
582;Starlene;Drakers;Male;sdrakersg5@hud.gov;$6800.66;Durham, NC;04.09.2025
583;Tirrell;Aire;F;taireg6@360.cn;$6471.72;Indianapolis, IN;21.05.2025
584;Justinn;Pauling;female;jpaulingg7@netlog.com;$6613.96;Kansas City, MO;26.09.2025
585;MICAH;;Unknown;mbentog8@eventbrite.com;$6418.29;Cambridge, MA;21.12.2025
586;Germain;Soughton;male;gsoughtong9@forbes.com;$4259.44;Austin, TX;11.12.2023
587;Genny;Olesen;M;;$5533.14;Rochester, NY;04.12.2023
588;Alexandra;Starie;M;astariegb@forbes.com;$6654.48;Grand Rapids, MI;02.01.2023
589;MORLEY;Wight;fem;mwightgc@goo.ne.jp;$6313.13;Washington, DC;16.09.2023
590;NONA;Skahill;female;nskahillgd@archive.org;$4321.68;Montgomery, AL;28.07.2024
591;Vevay;Klaiser;Male;vklaiserge@opensource.org;$4531.12;Flushing, NY;25.07.2023
592;Janelle;Geraldi;Female;jgeraldigf@yolasite.com;$3829.77;New York City, NY;07.11.2025
593;Berkley;Gumb;fem;bgumbgg@cafepress.com;$4749.62;New York City, NY;08.11.2025
594;Gaylord;Tarn;Unknown;gtarngh@ustream.tv;$5760.59;Grand Rapids, MI;19.05.2025
595;Harlan;;Female;hraddingi@creativecommons.org;$3982.68;Sparks, NV;06.11.2025
596;Glenine;;Male;ggelemangj@intel.com;$4174.17;Henderson, NV;18.02.2023
597;KEVAN;;F;kshavegk@biblegateway.com;$3860.51;Juneau, AK;04.09.2023
598;TUCKY;Chaffyn;fem;tchaffyngl@wiley.com;$5763.95;Grand Forks, ND;08.01.2025
599;Torre;Noto;Male;;$6605.61;Tallahassee, FL;05.03.2025
600;Haskell;Luckes;female;hluckesgn@wp.com;$4082.18;Orlando, FL;02.04.2025
601;MARIYA;Crab;female;;$3719.63;Corpus Christi, TX;04.09.2023
602;Rick;Fasler;Female;rfaslergp@amazon.co.uk;$3829.80;Seattle, WA;13.12.2023
603;Aurelie;Kalisz;fem;akaliszgq@phpbb.com;$5046.60;Santa Fe, NM;10.08.2023
604;Maryjo;;Unknown;mvallerinegr@shinystat.com;$6281.64;Phoenix, AZ;27.09.2025
605;Gwyneth;Surgeon;female;gsurgeongs@archive.org;$5944.63;Temple, TX;01.08.2023
606;Dougy;Noto;fem;dnotogt@earthlink.net;$4707.59;Jackson, MS;28.10.2024
607;Ranice;Gentric;Unknown;;$4792.14;Fort Wayne, IN;17.06.2024
608;JO;Beer;Male;;$6184.41;Odessa, TX;07.01.2023
609;Dinah;Daintrey;Female;;$4548.41;Boca Raton, FL;23.12.2024
610;Vladamir;Leere;M;vleeregx@gravatar.com;$4568.22;Columbus, OH;03.01.2023
611;Rickie;Winchester;Male;rwinchestergy@smugmug.com;$6065.83;Tacoma, WA;13.08.2024
612;Whitman;Sharrard;female;wsharrardgz@alexa.com;$5842.00;Spokane, WA;16.02.2023
613;Francene;Manhood;F;fmanhoodh0@discuz.net;$5652.01;Sacramento, CA;21.03.2023
614;Anatole;Quinnelly;Female;aquinnellyh1@statcounter.com;$5728.78;Des Moines, IA;13.03.2025
615;KYLE;Woodage;Unknown;kwoodageh2@berkeley.edu;$4198.53;Tampa, FL;14.01.2024
616;Masha;Beagin;Unknown;;$6123.77;Reading, PA;17.05.2025
617;Valery;Barnfather;male;vbarnfatherh4@simplemachines.org;$3989.54;Birmingham, AL;13.02.2024
618;Marten;Nurcombe;F;mnurcombeh5@netlog.com;$4400.86;Dallas, TX;12.08.2024
619;Riley;Cobbing;Female;rcobbingh6@theguardian.com;$6370.31;Atlanta, GA;01.12.2023
620;Kettie;Healks;male;;$4107.04;Toledo, OH;03.07.2025
621;Lenci;Bowie;male;lbowieh8@reference.com;$6542.82;Dallas, TX;31.08.2023
622;Rennie;Stainsby;Male;;$5478.00;Rockford, IL;26.10.2023
623;Christina;Scotchmore;female;cscotchmoreha@altervista.org;$3859.49;Vancouver, WA;17.02.2023
624;Rosaline;Kroll;Female;rkrollhb@whitehouse.gov;$5528.88;Inglewood, CA;04.01.2025
625;Bruis;Winstanley;Male;bwinstanleyhc@icq.com;$5589.72;Houston, TX;19.06.2024
626;Herta;Crole;M;hcrolehd@yellowbook.com;$4342.71;Champaign, IL;17.06.2023
627;Etienne;Boulding;M;;$6160.85;Valdosta, GA;24.01.2025
628;LORENE;Kestin;Female;lkestinhf@godaddy.com;$5697.99;Miami, FL;21.01.2023
629;Ronni;Kahn;female;rkahnhg@senate.gov;$5342.01;Erie, PA;06.06.2025
630;Margarete;Nevett;fem;mnevetthh@hhs.gov;$6462.23;Corpus Christi, TX;28.11.2023
631;RHODA;Groll;fem;rgrollhi@dedecms.com;$5432.38;Evansville, IN;26.07.2024
632;Meryl;Shears;male;mshearshj@nymag.com;$5990.80;Memphis, TN;05.01.2026
633;Anson;Cisco;fem;aciscohk@phoca.cz;$6380.70;Lexington, KY;28.05.2023
634;Hervey;McGlade;Female;hmcgladehl@cbc.ca;$5440.68;Punta Gorda, FL;19.04.2024
635;Teddie;;M;taldridgehm@state.gov;$4768.70;Houston, TX;18.04.2024
636;Elysha;Gemelli;Female;egemellihn@t-online.de;$4061.05;Santa Barbara, CA;28.03.2023
637;Franz;Gannan;Male;fgannanho@clickbank.net;$5669.38;New York City, NY;28.10.2025
638;Wolf;Pimm;Female;wpimmhp@auda.org.au;$5473.83;Saint Louis, MO;03.03.2023
639;Jill;Leyzell;fem;jleyzellhq@omniture.com;$4316.80;Lynchburg, VA;21.04.2023
640;PATRICA;Cremins;M;pcreminshr@washington.edu;$4908.64;Jackson, MS;28.12.2024
641;Domenico;Patise;Male;dpatisehs@php.net;$4490.44;Bronx, NY;14.03.2025
642;Pippo;Tilling;fem;ptillinght@g.co;$4861.33;Topeka, KS;14.12.2024
643;Malachi;;Female;mgorstidgehu@weibo.com;$4948.31;Elizabeth, NJ;05.05.2024
644;Christoforo;;Male;cdenekamphv@marriott.com;$6442.85;Philadelphia, PA;30.10.2025
645;Doroteya;Phillis;Male;dphillishw@time.com;$4836.10;Gulfport, MS;13.04.2025
646;Bobbye;;M;bgrishaevhx@furl.net;$6208.09;Washington, DC;16.07.2024
647;Addison;Waters;F;awatershy@imgur.com;$6764.71;New York City, NY;29.01.2025
648;Augusto;Rawson;Female;arawsonhz@theatlantic.com;$5839.05;Portland, ME;25.07.2025
649;Donavon;Gimlet;Unknown;dgimleti0@csmonitor.com;$3797.68;Reading, PA;25.05.2024
650;Craggy;Kinnaird;Male;ckinnairdi1@lycos.com;$5531.78;Elizabeth, NJ;23.03.2023
651;Joice;Nequest;Male;jnequesti2@hostgator.com;$6586.78;Loretto, MN;24.01.2025
652;Padraic;Barthelme;female;;$6598.46;Raleigh, NC;26.08.2024
653;Dunn;Harhoff;Female;;$5305.06;Raleigh, NC;30.12.2024
654;ALYCE;Ennever;Female;aenneveri5@illinois.edu;$4021.77;Sacramento, CA;07.12.2024
655;LESLEY;Ogle;Female;;$4167.31;Atlanta, GA;03.02.2025
656;Janot;Fadian;female;jfadiani7@eepurl.com;$5650.21;Fort Worth, TX;25.02.2023
657;Jobye;Phipp;Female;jphippi8@hostgator.com;$3872.99;Pomona, CA;28.11.2024
658;Lem;Pettigree;fem;lpettigreei9@gmpg.org;$5867.40;Fargo, ND;09.10.2023
659;Jeff;Grimbaldeston;Female;jgrimbaldestonia@cam.ac.uk;$6809.75;Los Angeles, CA;05.03.2023
660;Thaddeus;Sacher;male;tsacherib@live.com;$6493.88;San Francisco, CA;10.03.2023
661;Kassie;Vlies;fem;kvliesic@hud.gov;$6648.08;Olympia, WA;06.01.2023
662;Emmerich;O'Hallihane;Unknown;eohallihaneid@last.fm;$5535.76;Bronx, NY;02.12.2024
663;Raimondo;;Male;rrenekeie@dailymail.co.uk;$6105.98;Hartford, CT;06.11.2024
664;Nehemiah;McGee;Male;;$6835.78;Saint Paul, MN;03.07.2023
665;Ellyn;Worthington;Male;;$5849.69;Charlotte, NC;18.05.2024
666;Denny;Ciccarelli;fem;dciccarelliih@jalbum.net;$3700.38;Los Angeles, CA;11.01.2025
667;Haleigh;Noli;male;hnoliii@skype.com;$4606.91;Columbus, OH;24.10.2023
668;Brina;Gilstin;fem;bgilstinij@nytimes.com;$4843.74;Chicago, IL;25.08.2025
669;Webster;Fitton;Male;;$3831.57;Toledo, OH;02.05.2023
670;Carney;Pietrzyk;M;cpietrzykil@clickbank.net;$6663.57;Hartford, CT;26.02.2025
671;URSULINE;Schafer;female;uschaferim@marriott.com;$5362.59;Dearborn, MI;19.02.2025
672;Gail;Magson;Male;;$5838.74;Fort Worth, TX;05.06.2024
673;Iorgo;Fellman;Male;ifellmanio@house.gov;$3922.19;Springfield, MO;15.04.2023
674;Becki;Maffione;fem;bmaffioneip@free.fr;$6747.82;Colorado Springs, CO;04.07.2023
675;PIPER;Dallaghan;Unknown;;$4143.44;Bryan, TX;15.01.2023
676;Margaret;;fem;mkezourecir@sourceforge.net;$4396.16;Atlanta, GA;17.02.2024
677;Ariadne;Winspear;M;awinspearis@rediff.com;$5313.61;Washington, DC;29.07.2025
678;Demott;Pettipher;Unknown;dpettipherit@usa.gov;$5164.39;Schenectady, NY;20.09.2023
679;Isaiah;;Female;idockrilliu@topsy.com;$4822.78;Albuquerque, NM;30.01.2024
680;Sherri;Radenhurst;M;sradenhurstiv@geocities.com;$5900.69;Atlanta, GA;29.08.2023
681;Katleen;Maraga;female;kmaragaiw@pen.io;$4923.81;Peoria, IL;01.10.2025
682;Myranda;Gostyke;fem;;$4491.55;Rochester, NY;08.04.2025
683;Shayne;Whifen;Female;swhifeniy@virginia.edu;$5894.47;Tucson, AZ;25.08.2023
684;Braden;Wayon;M;bwayoniz@gravatar.com;$5201.81;Hayward, CA;21.07.2025
685;EZRI;Zum Felde;female;ezumfeldej0@princeton.edu;$6188.56;Worcester, MA;31.05.2023
686;Cull;Taffie;Female;ctaffiej1@dropbox.com;$4771.08;Honolulu, HI;22.03.2025
687;KAILEY;Butte;M;;$6114.49;Washington, DC;27.06.2024
688;Simmonds;Senechell;Female;ssenechellj3@amazonaws.com;$4666.88;Minneapolis, MN;16.06.2024
689;Madlin;Gingle;Male;mginglej4@mediafire.com;$3973.23;Lancaster, CA;09.04.2025
690;Delphinia;Sambrok;Male;dsambrokj5@utexas.edu;$3883.68;Detroit, MI;27.06.2024
691;LIND;Iohananof;F;liohananofj6@ning.com;$6846.77;Fort Worth, TX;17.06.2024
692;Livvy;Vassall;male;lvassallj7@linkedin.com;$4535.27;Chattanooga, TN;19.06.2023
693;KEVYN;Wabey;female;kwabeyj8@whitehouse.gov;$4820.99;San Bernardino, CA;11.10.2024
694;Steffane;Tremollet;Male;stremolletj9@harvard.edu;$4349.18;Austin, TX;03.03.2025
695;Brewster;Tweedle;M;btweedleja@exblog.jp;$6598.45;Ventura, CA;16.12.2025
696;TAM;Humblestone;male;thumblestonejb@guardian.co.uk;$4444.76;North Port, FL;07.02.2023
697;Alaster;Fyall;male;;$5097.65;Kansas City, MO;29.11.2025
698;DARYA;Hens;M;;$3773.78;Reston, VA;07.11.2023
699;JODIE;Mansion;Male;;$4506.80;Northridge, CA;20.06.2025
700;Carry;Rothschild;female;crothschildjf@berkeley.edu;$6202.37;Charlotte, NC;24.11.2025
701;SUSANNAH;Glawsop;Female;sglawsopjg@shop-pro.jp;$6592.78;Sandy, UT;15.02.2023
702;Dene;;male;dgoldenjh@alibaba.com;$5377.13;Evanston, IL;17.04.2025
703;GORDY;Kubyszek;Female;gkubyszekji@netscape.com;$6216.27;Panama City, FL;12.05.2025
704;Yankee;Way;Male;ywayjj@nyu.edu;$4206.33;Baton Rouge, LA;13.08.2024
705;Berke;Bonhill;Unknown;bbonhilljk@godaddy.com;$6484.44;Shreveport, LA;30.03.2023
706;Ebenezer;Snookes;Female;esnookesjl@domainmarket.com;$6126.51;Austin, TX;06.04.2023
707;Simone;Malim;Male;smalimjm@nyu.edu;$5791.00;Youngstown, OH;25.02.2023
708;Teresina;Kenton;Unknown;tkentonjn@reference.com;$5864.09;Migrate, KY;26.04.2023
709;Patricio;Hymas;F;phymasjo@wikipedia.org;$6663.70;Pompano Beach, FL;01.06.2025
710;Linn;Cossar;Female;lcossarjp@goo.gl;$4206.33;Littleton, CO;24.03.2023
711;ROSELINE;McLese;M;rmclesejq@toplist.cz;$5733.23;Cincinnati, OH;21.02.2023
712;Brendin;Wye;Unknown;;$4093.01;North Little Rock, AR;27.05.2023
713;Gonzalo;Feirn;Male;gfeirnjs@ovh.net;$6777.33;Houston, TX;01.10.2024
714;Mariejeanne;Dedrick;female;;$3960.79;Duluth, MN;19.06.2023
715;Gawen;Najera;Female;gnajeraju@cargocollective.com;$4694.73;El Paso, TX;02.07.2023
716;Lynna;Pharaoh;Unknown;lpharaohjv@statcounter.com;$5521.07;Kansas City, MO;25.10.2024
717;Casey;Curedell;Female;;$3930.59;Jamaica, NY;07.04.2025
718;Gaultiero;O'Glessane;M;goglessanejx@google.com.au;$5788.75;Duluth, GA;21.12.2025
719;Vachel;Lofty;Female;;$3712.25;Sacramento, CA;29.04.2025
720;Kellie;Berzons;M;kberzonsjz@go.com;$3940.26;Tulsa, OK;05.08.2023
721;Debra;Sorey;male;dsoreyk0@sitemeter.com;$4287.36;Oklahoma City, OK;07.10.2023
722;Grace;Zecchetti;male;;$5702.72;Miami, FL;16.05.2024
723;Hunfredo;Friend;Male;hfriendk2@rambler.ru;$4317.69;Memphis, TN;11.01.2024
724;Ric;Waszczyk;M;rwaszczykk3@wisc.edu;$5178.55;Seattle, WA;06.03.2024
725;Ely;Sertin;Male;;$4709.89;Lansing, MI;19.02.2025
726;Rosina;Sporle;Male;;$3929.47;Macon, GA;02.01.2025
727;Joana;Beake;Female;jbeakek6@nytimes.com;$3813.22;Lexington, KY;29.10.2024
728;Jehu;Wonter;F;jwonterk7@goo.ne.jp;$3900.89;Kansas City, MO;10.09.2023
729;Walker;Barukh;F;;$6283.64;Boise, ID;17.12.2024
730;Georgine;Cortes;female;gcortesk9@webs.com;$5856.36;San Francisco, CA;18.07.2025
731;BERTINE;Hagwood;fem;bhagwoodka@abc.net.au;$6261.82;Albuquerque, NM;07.12.2024
732;Selig;Greenhowe;Unknown;sgreenhowekb@nytimes.com;$5659.74;Brea, CA;02.03.2025
733;Tully;Brissenden;female;tbrissendenkc@vk.com;$5594.30;Atlanta, GA;10.11.2023
734;Forester;Le Fevre;M;flefevrekd@g.co;$4788.06;Portland, OR;06.07.2023
735;Karyn;Feckey;male;kfeckeyke@histats.com;$4521.62;Salinas, CA;17.02.2025
736;Bondon;;M;bwalkinshawkf@gizmodo.com;$4588.83;Cincinnati, OH;31.01.2025
737;Cassius;Flecknell;female;cflecknellkg@yellowpages.com;$3908.60;Brooklyn, NY;01.11.2023
738;Candide;Cupper;F;;$6360.74;Pueblo, CO;19.03.2025
739;Riki;Northleigh;Unknown;;$4559.23;Corpus Christi, TX;02.11.2024
740;Marinna;Lafayette;Unknown;;$6199.89;Columbus, GA;14.12.2024
741;Coralyn;Suttie;M;;$6318.52;Reno, NV;23.12.2025
742;Marven;Mattam;male;;$5287.90;San Bernardino, CA;08.03.2025
743;Kati;Curran;fem;kcurrankm@flickr.com;$5226.53;New Orleans, LA;07.01.2024
744;Aleda;;female;acapstaffkn@ustream.tv;$6265.12;Manassas, VA;26.06.2025
745;Sonya;Tindley;M;stindleyko@twitter.com;$4626.11;Houston, TX;23.09.2025
746;Ruthann;Minshull;Unknown;rminshullkp@cargocollective.com;$4504.25;New Orleans, LA;11.12.2025
747;Clayborn;Peagram;fem;cpeagramkq@independent.co.uk;$6377.20;Austin, TX;28.07.2023
748;ELROY;Ivasechko;M;;$5086.02;San Diego, CA;20.04.2024
749;Alyson;McGlew;Male;amcglewks@ihg.com;$4388.69;Dallas, TX;20.09.2024
750;Donia;Hendin;Male;dhendinkt@squidoo.com;$5703.25;Minneapolis, MN;11.04.2023
751;Lynnette;;M;llimbrickku@vinaora.com;$5614.72;Buffalo, NY;15.07.2024
752;OTTILIE;Cuchey;fem;ocucheykv@state.tx.us;$3998.70;Largo, FL;14.08.2025
753;Astrix;Eskrigge;male;aeskriggekw@freewebs.com;$6717.84;Fort Lauderdale, FL;10.05.2024
754;ADELAIDA;Tombleson;M;atomblesonkx@un.org;$4722.44;Columbus, OH;30.05.2023
755;Nikita;;female;nellettky@nytimes.com;$6844.18;Erie, PA;12.05.2024
756;Sam;Maxted;male;smaxtedkz@comcast.net;$4601.90;Jersey City, NJ;08.11.2025
757;Ferdy;Chat;fem;fchatl0@cocolog-nifty.com;$6804.73;Boston, MA;05.08.2023
758;Aigneis;Ghidoni;female;aghidonil1@liveinternet.ru;$4483.91;Tulsa, OK;14.09.2023
759;Gerald;Diggin;fem;gdigginl2@senate.gov;$4168.39;El Paso, TX;08.11.2024
760;Nola;;Unknown;;$6277.30;Homestead, FL;08.01.2023
761;Farleigh;Colnett;female;fcolnettl4@goodreads.com;$4875.94;Brooklyn, NY;05.01.2026
762;Carlina;O'Doireidh;female;codoireidhl5@hibu.com;$4779.32;Huntsville, TX;29.10.2025
763;JILLANE;Radloff;female;;$4847.40;Decatur, IL;08.07.2024
764;Annemarie;Wathan;F;;$6562.59;Marietta, GA;29.12.2024
765;Clair;Craigg;M;ccraiggl8@usgs.gov;$5540.50;El Paso, TX;11.07.2023
766;Merwyn;Shearer;M;mshearerl9@drupal.org;$6424.43;Daytona Beach, FL;10.08.2023
767;Blythe;Dungay;Unknown;bdungayla@omniture.com;$6745.14;Las Vegas, NV;07.01.2024
768;BENDICTY;Girardini;Unknown;bgirardinilb@typepad.com;$3792.09;Stockton, CA;16.07.2025
769;Gipsy;Hasson;Unknown;ghassonlc@ucsd.edu;$5741.49;San Francisco, CA;12.06.2023
770;BERNARR;Bechley;M;bbechleyld@theguardian.com;$5361.40;Toledo, OH;17.07.2024
771;Darwin;Dutnell;M;ddutnellle@cnet.com;$4355.81;Fullerton, CA;25.07.2023
772;Derick;Kinnear;Unknown;dkinnearlf@unicef.org;$6282.29;Clearwater, FL;04.12.2025
773;Urbanus;Dudeney;Female;;$4242.62;San Jose, CA;12.02.2024
774;Edan;McBryde;female;emcbrydelh@cdc.gov;$6748.26;Jamaica, NY;11.02.2024
775;Bonnibelle;Danilowicz;M;bdanilowiczli@un.org;$5781.60;Pueblo, CO;17.08.2023
776;Shadow;O'Tuohy;M;sotuohylj@vistaprint.com;$6646.41;Gilbert, AZ;21.10.2023
777;Benson;Forten;M;bfortenlk@fda.gov;$4906.67;Carson City, NV;11.11.2024
778;Merry;Manoch;fem;mmanochll@deliciousdays.com;$4634.82;Atlanta, GA;18.10.2023
779;Moria;Di Pietro;Unknown;mdipietrolm@desdev.cn;$4228.27;Washington, DC;25.11.2023
780;Chelsy;Points;female;cpointsln@google.cn;$5678.19;Kansas City, MO;31.12.2025
781;Burt;;female;;$6118.56;Pittsburgh, PA;27.05.2023
782;Yalonda;Tanswill;Female;;$6487.07;Washington, DC;24.07.2023
783;Beilul;Langelaan;male;;$6226.95;Seattle, WA;26.02.2023
784;Roxy;Buckbee;Unknown;;$5991.95;Portland, OR;02.11.2024
785;Janela;Bickford;Female;;$4034.73;Fort Lauderdale, FL;10.09.2023
786;Adriana;Grogor;M;;$4113.54;Houston, TX;16.10.2023
787;KARL;Kimmons;male;kkimmonslu@eepurl.com;$3855.73;Corpus Christi, TX;05.01.2023
788;Carla;Leban;Unknown;clebanlv@plala.or.jp;$5436.81;Youngstown, OH;13.09.2024
789;Natale;Bofield;fem;;$5772.67;Chicago, IL;02.04.2024
790;Vivienne;;F;vrontschlx@google.com.au;$6175.99;Memphis, TN;21.05.2025
791;Jacquenette;Taree;fem;;$3769.30;Springfield, MA;14.09.2023
792;ADELICE;de Almeida;male;adealmeidalz@howstuffworks.com;$4681.88;Roanoke, VA;25.05.2025
793;Ingram;Dyment;F;idymentm0@indiatimes.com;$6799.79;Orlando, FL;01.08.2025
794;YALONDA;Ateridge;Male;yateridgem1@xrea.com;$6791.13;Lehigh Acres, FL;14.04.2023
795;Mandie;Exrol;female;;$5813.64;Cleveland, OH;10.04.2024
796;KRISTEN;McCullogh;Unknown;kmcculloghm3@spotify.com;$3809.40;Philadelphia, PA;06.05.2024
797;Rodolphe;Klimowicz;female;rklimowiczm4@youku.com;$6574.03;Fort Worth, TX;06.08.2025
798;Olivia;Ranken;F;orankenm5@netscape.com;$5419.58;Tampa, FL;01.06.2023
799;Gerome;Fieller;Male;gfiellerm6@cdc.gov;$6770.13;Toledo, OH;07.04.2024
800;Susanne;Irnis;M;sirnism7@goo.ne.jp;$5219.30;Dallas, TX;15.09.2023
801;Boothe;Wilford;Male;bwilfordm8@berkeley.edu;$5177.53;Farmington, MI;12.07.2025
802;LONNY;Twiname;M;ltwinamem9@topsy.com;$4376.02;Evansville, IN;07.07.2023
803;LISSA;Martinho;male;lmartinhoma@nhs.uk;$5999.90;Springfield, OH;10.01.2025
804;Lindsey;Mays;Female;lmaysmb@chron.com;$4940.79;Columbus, GA;28.09.2023
805;Albrecht;Arnott;fem;aarnottmc@cornell.edu;$5479.26;Richmond, VA;08.01.2023
806;Lana;Van Leeuwen;M;lvanleeuwenmd@discovery.com;$5843.45;Boston, MA;04.08.2025
807;Barton;Brosetti;Male;bbrosettime@soup.io;$6102.50;Boise, ID;01.05.2023
808;Lucinda;Grocock;female;lgrocockmf@wired.com;$5142.16;Santa Monica, CA;26.04.2024
809;Gweneth;Tansill;female;;$5540.57;Oklahoma City, OK;04.03.2025
810;VALE;Bollini;female;vbollinimh@thetimes.co.uk;$4037.92;Kansas City, MO;22.02.2024
811;Brian;Erett;F;;$4343.32;Paterson, NJ;09.07.2025
812;Nichole;Kennedy;Male;;$6667.15;Minneapolis, MN;11.08.2025
813;Phoebe;Ketteridge;male;pketteridgemk@npr.org;$5741.08;Raleigh, NC;06.05.2023
814;Xaviera;Minchell;female;xminchellml@ftc.gov;$4734.41;Fresno, CA;08.01.2024
815;Karissa;Roddy;fem;kroddymm@columbia.edu;$4399.97;Charlotte, NC;08.03.2023
816;GABBI;Bernakiewicz;M;gbernakiewiczmn@pinterest.com;$4693.15;Naples, FL;12.12.2025
817;Horton;Inderwick;fem;hinderwickmo@msn.com;$6800.34;Bismarck, ND;15.06.2024
818;ANGIE;Burnyate;female;aburnyatemp@phpbb.com;$5012.11;Florence, SC;19.11.2023
819;Lars;Aulsford;Unknown;laulsfordmq@last.fm;$3862.32;Abilene, TX;10.08.2024
820;Rhys;Mercy;M;rmercymr@topsy.com;$6088.71;Sacramento, CA;05.08.2023
821;Eben;Tolle;Female;etollems@sakura.ne.jp;$5766.32;Grand Rapids, MI;25.06.2025
822;ANDY;Shand;Unknown;ashandmt@un.org;$4677.75;Los Angeles, CA;18.03.2024
823;GAEL;Tiebe;female;;$6252.09;San Bernardino, CA;25.12.2023
824;GERTIE;Catherick;fem;gcatherickmv@google.com.au;$6229.22;Columbus, OH;13.06.2025
825;Carver;Roder;Female;crodermw@photobucket.com;$3999.23;San Diego, CA;19.01.2025
826;Stefan;Jeens;Female;sjeensmx@lulu.com;$5112.54;New York City, NY;13.02.2024
827;Ky;Shoard;female;kshoardmy@amazon.co.uk;$4983.44;Fresno, CA;29.05.2025
828;Heidi;Sictornes;male;hsictornesmz@geocities.com;$4249.54;Nashville, TN;07.09.2023
829;Joyous;Bryer;Female;jbryern0@nyu.edu;$4465.54;Oklahoma City, OK;18.10.2025
830;Kiri;todor;F;ktodorn1@wordpress.org;$6805.72;New York City, NY;28.12.2024
831;Darci;Pretsell;Male;;$6468.97;Kansas City, MO;14.12.2025
832;Karole;Dik;male;kdikn3@domainmarket.com;$6561.29;Newton, MA;24.10.2025
833;Herb;Petigrew;Female;hpetigrewn4@trellian.com;$5507.41;Tyler, TX;23.10.2023
834;See;Simnell;Female;ssimnelln5@census.gov;$4027.57;Dallas, TX;31.12.2024
835;TAWSHA;Ambrosetti;Unknown;tambrosettin6@github.io;$5406.13;Boulder, CO;29.06.2023
836;CLAUDINE;Bengough;fem;cbengoughn7@sohu.com;$5846.24;Monticello, MN;02.04.2023
837;Biron;Wilkenson;male;;$6128.37;Hagerstown, MD;25.09.2024
838;Gustavus;Cayette;F;gcayetten9@hc360.com;$3984.85;Fort Worth, TX;04.05.2025
839;Elise;Lowres;fem;elowresna@prweb.com;$4960.62;San Diego, CA;13.11.2025
840;Burlie;Barten;Unknown;bbartennb@yale.edu;$5508.84;Irving, TX;20.11.2025
841;Gloria;;fem;ggentnc@cnbc.com;$6425.49;New York City, NY;13.06.2023
842;Johannes;Delve;female;jdelvend@wunderground.com;$3750.12;Fairfax, VA;24.10.2024
843;Chrisy;Berrey;Unknown;;$6841.86;San Francisco, CA;21.04.2023
844;Humfrey;Chesney;M;hchesneynf@bizjournals.com;$4851.29;Oklahoma City, OK;15.10.2024
845;Britney;;Male;boconorng@booking.com;$6710.37;Kansas City, MO;13.05.2024
846;Anatollo;Vedekhin;Male;avedekhinnh@time.com;$4756.52;Arlington, VA;01.12.2024
847;Glynn;Killoran;fem;gkilloranni@usda.gov;$6316.82;Vero Beach, FL;09.12.2023
848;Mona;Baniard;Female;mbaniardnj@desdev.cn;$6076.15;West Palm Beach, FL;26.04.2023
849;Bethena;Joseland;Female;bjoselandnk@prweb.com;$4037.95;El Paso, TX;31.05.2024
850;Ainslee;Paniman;male;apanimannl@mapy.cz;$5318.87;Philadelphia, PA;03.09.2023
851;Minta;Davsley;Female;mdavsleynm@people.com.cn;$4364.64;Houston, TX;24.11.2025
852;ELSA;Borrows;M;eborrowsnn@sourceforge.net;$4350.94;Pensacola, FL;05.03.2023
853;Cindelyn;Children;Male;cchildrenno@artisteer.com;$5575.42;Philadelphia, PA;10.06.2023
854;Nessy;Wilce;female;nwilcenp@walmart.com;$5047.56;New York City, NY;22.03.2024
855;Trevar;Howford;Unknown;thowfordnq@ow.ly;$6549.37;El Paso, TX;09.03.2024
856;Erena;Gerardin;Male;egerardinnr@homestead.com;$3751.98;Augusta, GA;14.02.2023
857;Brandtr;Hume;fem;bhumens@ox.ac.uk;$6107.84;Atlanta, GA;07.10.2023
858;Gardener;McKeown;F;gmckeownnt@slashdot.org;$4834.00;Saint Petersburg, FL;14.02.2025
859;Maurits;Glover;Unknown;;$5251.20;Pittsburgh, PA;25.10.2023
860;Hendrik;MacDearmaid;M;;$3770.66;Birmingham, AL;03.09.2024
861;Kassia;Atlee;F;katleenw@google.com.br;$4901.80;South Bend, IN;29.10.2025
862;Conrado;Kuschke;female;ckuschkenx@apache.org;$5264.87;Tampa, FL;03.06.2025
863;Lorine;Bowlands;female;lbowlandsny@scribd.com;$5334.11;Katy, TX;28.11.2023
864;Riannon;Gravett;female;;$5073.81;Indianapolis, IN;04.03.2024
865;Verge;Schimoni;male;vschimonio0@shutterfly.com;$5162.72;Charleston, WV;06.03.2023
866;Maura;McCardle;Female;mmccardleo1@twitter.com;$5838.34;Fullerton, CA;22.03.2024
867;Vaughan;Stower;Male;vstowero2@europa.eu;$4193.11;Schaumburg, IL;07.08.2025
868;Roanna;Filer;fem;;$3890.68;Montgomery, AL;04.11.2025
869;Kassia;Schimoni;female;kschimonio4@arstechnica.com;$6111.83;Dallas, TX;15.07.2023
870;Lazare;Poston;Male;lpostono5@huffingtonpost.com;$4682.81;Houston, TX;21.08.2024
871;Stacee;Fannin;Unknown;sfannino6@jigsy.com;$3985.78;Washington, DC;29.09.2023
872;Massimo;Janeway;male;mjanewayo7@soundcloud.com;$5181.82;San Diego, CA;27.12.2023
873;Ewart;Darley;Unknown;edarleyo8@addthis.com;$6766.88;Washington, DC;27.09.2025
874;Connie;McEntegart;M;cmcentegarto9@privacy.gov.au;$6015.68;Suffolk, VA;02.11.2023
875;Uriah;Ringsell;Female;uringselloa@mediafire.com;$6655.06;Arvada, CO;29.03.2025
876;Winston;Gulberg;female;wgulbergob@vk.com;$3986.42;Tucson, AZ;21.03.2024
877;Wallache;Zoppo;Male;;$6331.67;Naples, FL;22.02.2023
878;Franchot;Conry;Female;;$5085.04;Des Moines, IA;23.11.2023
879;Keenan;;female;kbuckyoe@goodreads.com;$5526.14;Nashville, TN;20.12.2023
880;Harlan;Hatliffe;Unknown;hhatliffeof@geocities.jp;$6079.46;Louisville, KY;09.05.2024
881;Hesther;Hachard;fem;hhachardog@digg.com;$4940.43;Milwaukee, WI;23.10.2025
882;Gerek;Skyner;F;;$5056.15;Norfolk, VA;04.03.2024
883;Ruby;Meneer;Male;rmeneeroi@yellowpages.com;$3883.08;Los Angeles, CA;18.05.2025
884;Nomi;Govini;M;ngovinioj@merriam-webster.com;$5940.21;San Jose, CA;31.03.2025
885;SHAMUS;;Unknown;seatonok@photobucket.com;$4151.05;Fairfax, VA;14.08.2023
886;Dennie;Breslin;fem;;$3866.52;Daytona Beach, FL;25.10.2024
887;Mair;Antrim;female;mantrimom@bing.com;$5477.47;Lafayette, LA;15.01.2025
888;Easter;Moggie;Male;;$6820.28;Levittown, PA;15.10.2024
889;Ilene;Statefield;female;istatefieldoo@ucoz.ru;$4072.26;Trenton, NJ;02.04.2024
890;Vassily;Boffey;Male;vboffeyop@vistaprint.com;$6183.02;Oakland, CA;12.11.2024
891;ROS;Muzzullo;female;;$4874.70;Cleveland, OH;06.06.2025
892;Davidde;Gerred;Unknown;dgerredor@mit.edu;$5578.48;Jeffersonville, IN;19.02.2024
893;Avictor;Pickerin;fem;;$3827.97;Warren, MI;12.10.2025
894;Becky;Plumb;Male;bplumbot@mlb.com;$5048.41;Schenectady, NY;20.10.2023
895;Stillmann;Carnson;F;scarnsonou@google.com.au;$4826.16;Daytona Beach, FL;08.10.2024
896;Eula;Hourihan;M;;$3734.27;Seattle, WA;21.04.2025
897;Dorene;Dooland;female;ddoolandow@yolasite.com;$4379.84;Portland, ME;02.12.2023
898;Nola;Devitt;M;ndevittox@apache.org;$3975.81;Riverside, CA;07.08.2024
899;Jenine;Darnbrough;Male;jdarnbroughoy@woothemes.com;$4873.32;Chicago, IL;13.10.2023
900;Denney;Grinter;Female;;$6826.56;Erie, PA;16.03.2025
901;Morly;Penkethman;male;mpenkethmanp0@hc360.com;$4297.91;Pomona, CA;03.03.2025
902;Zaria;Cupper;female;;$3824.92;New York City, NY;04.08.2025
903;LLOYD;Langthorne;F;llangthornep2@twitter.com;$5765.17;Harrisburg, PA;11.05.2024
904;Keely;Pesic;M;kpesicp3@noaa.gov;$4711.40;Cincinnati, OH;26.12.2024
905;Bobbye;Eaken;fem;beakenp4@bandcamp.com;$4173.51;Kansas City, MO;06.01.2026
906;Finley;Croshaw;Unknown;fcroshawp5@google.nl;$4924.67;Madison, WI;07.12.2025
907;Nicolle;Ubee;Unknown;nubeep6@ca.gov;$5055.97;Lafayette, IN;13.09.2023
908;BEV;Rubenfeld;Unknown;brubenfeldp7@twitter.com;$5171.69;East Saint Louis, IL;12.03.2023
909;Beverie;Burdekin;fem;bburdekinp8@behance.net;$4673.43;Melbourne, FL;21.11.2024
910;Ricki;Shilstone;M;rshilstonep9@alibaba.com;$4691.99;Atlanta, GA;21.01.2025
911;Keriann;Serjeantson;female;kserjeantsonpa@reference.com;$4712.09;Irving, TX;02.02.2023
912;Hollyanne;Rosnau;male;hrosnaupb@europa.eu;$6090.97;Littleton, CO;10.05.2024
913;Talyah;Chantree;M;;$4001.86;Salem, OR;31.05.2023
914;Rebecca;Brockbank;Male;;$6596.97;Orlando, FL;29.07.2025
915;Nickolaus;Chalke;Male;nchalkepe@pinterest.com;$4180.58;Wilmington, DE;08.02.2024
916;Haleigh;Sivier;Male;hsivierpf@youku.com;$5912.47;Pasadena, CA;03.07.2024
917;Clara;Izkovitz;M;;$5101.87;Jacksonville, FL;20.07.2023
918;Merrick;Sidsaff;female;msidsaffph@uiuc.edu;$4371.40;Honolulu, HI;14.11.2024
919;Jefferson;Jewess;Female;jjewesspi@kickstarter.com;$4261.56;Pittsburgh, PA;27.07.2024
920;Rica;;M;rstuchburypj@theatlantic.com;$4767.82;San Antonio, TX;14.07.2023
921;Brenda;Loines;M;bloinespk@icq.com;$5659.83;Cedar Rapids, IA;06.01.2024
922;Fenelia;Glanvill;fem;;$6148.85;Dallas, TX;23.02.2025
923;AVERELL;Pocklington;M;apocklingtonpm@about.me;$6163.19;Lexington, KY;28.05.2025
924;Crissie;Friend;Unknown;cfriendpn@amazon.de;$5727.69;Boise, ID;08.03.2023
925;Barnett;Champney;F;bchampneypo@ask.com;$5164.38;Tulsa, OK;31.07.2025
926;Magdalena;Moffet;fem;mmoffetpp@hp.com;$3969.79;Jamaica, NY;15.08.2024
927;Mort;Casolla;M;mcasollapq@narod.ru;$4929.04;Naperville, IL;01.11.2025
928;Floris;;M;fkiosselpr@nhs.uk;$6369.07;Midland, TX;05.10.2023
929;Barbaraanne;Brigman;F;bbrigmanps@boston.com;$4327.56;Staten Island, NY;26.08.2023
930;Phylis;Scemp;fem;pscemppt@msu.edu;$4522.94;Garden Grove, CA;28.06.2025
931;Katharyn;Maroney;female;kmaroneypu@cam.ac.uk;$5170.25;Dallas, TX;05.12.2024
932;Dukey;Frantz;fem;dfrantzpv@studiopress.com;$6827.75;Richmond, VA;08.10.2024
933;Mabelle;Stawell;F;mstawellpw@hatena.ne.jp;$5843.94;Birmingham, AL;14.01.2025
934;Paulina;Dytham;F;pdythampx@epa.gov;$4395.71;Denver, CO;26.08.2024
935;Ambrose;Donaldson;Male;adonaldsonpy@godaddy.com;$5940.67;Cincinnati, OH;27.08.2025
936;Garv;Taverner;M;;$6836.32;Naperville, IL;20.04.2024
937;Bryon;Reddyhoff;Female;breddyhoffq0@si.edu;$3815.33;Lexington, KY;16.06.2024
938;Christalle;Vidyapin;female;cvidyapinq1@soup.io;$4090.48;Alpharetta, GA;07.09.2024
939;Kira;Allot;fem;kallotq2@php.net;$6503.48;San Bernardino, CA;03.02.2025
940;Stillman;Boodell;Unknown;sboodellq3@surveymonkey.com;$5896.05;Saint Paul, MN;17.08.2025
941;Rosemaria;Keogh;Female;;$5368.53;Rockville, MD;23.12.2025
942;Barron;Hurring;male;bhurringq5@yahoo.co.jp;$6591.27;El Paso, TX;02.05.2025
943;Gayleen;Fairbairn;Male;gfairbairnq6@amazon.com;$3967.83;Houston, TX;15.10.2024
944;Eden;Donaway;fem;edonawayq7@behance.net;$6342.65;Riverside, CA;04.10.2024
945;Giraldo;Sidebottom;female;gsidebottomq8@ted.com;$4108.13;Louisville, KY;06.07.2025
946;Wenona;Lunney;M;;$5836.97;Carol Stream, IL;21.12.2023
947;Sollie;;Female;scharonqa@pinterest.com;$5028.40;Santa Rosa, CA;29.11.2024
948;Ed;Troup;F;etroupqb@cpanel.net;$5073.98;Young America, MN;14.02.2025
949;Barney;Eckersall;M;;$3915.65;Toledo, OH;14.01.2025
950;Gardy;Filasov;Female;gfilasovqd@earthlink.net;$5454.62;Phoenix, AZ;16.05.2025
951;FELECIA;Carlaw;F;fcarlawqe@noaa.gov;$3809.75;Riverside, CA;15.09.2023
952;Rafaello;Kittoe;male;rkittoeqf@ihg.com;$5043.60;Gulfport, MS;18.03.2024
953;Willyt;Olenikov;fem;;$5820.57;Austin, TX;22.12.2025
954;Jeremias;Luipold;Male;jluipoldqh@mozilla.org;$5137.20;Milwaukee, WI;21.04.2023
955;Carleton;Sallis;Unknown;csallisqi@umich.edu;$4439.35;Virginia Beach, VA;10.08.2025
956;JARID;Desseine;M;jdesseineqj@chronoengine.com;$4552.10;Washington, DC;06.01.2025
957;Marissa;Alentyev;Male;malentyevqk@acquirethisname.com;$4789.30;Colorado Springs, CO;05.09.2025
958;Lorens;Solway;Female;lsolwayql@edublogs.org;$5088.75;Gadsden, AL;31.03.2025
959;Marisa;Taillard;M;mtaillardqm@e-recht24.de;$4716.20;El Paso, TX;09.09.2023
960;Quillan;Pedro;F;qpedroqn@admin.ch;$5551.04;Fort Wayne, IN;01.06.2023
961;Ximenez;Hazzard;Unknown;;$4467.76;Lincoln, NE;01.09.2025
962;Andee;Snowdon;Female;;$4801.78;Philadelphia, PA;05.10.2023
963;ANJELA;Sauniere;fem;asauniereqq@google.co.jp;$6023.80;Saint Louis, MO;14.05.2023
964;Sophey;Arnaldo;F;sarnaldoqr@gravatar.com;$6749.15;Tyler, TX;03.04.2024
965;Debee;Linggood;Female;dlinggoodqs@github.com;$6259.71;Davenport, IA;06.08.2024
966;Lyndsay;Borthwick;Unknown;;$4256.15;Albany, NY;26.08.2023
967;Lynnet;Osbourne;male;losbournequ@state.gov;$6036.09;Las Vegas, NV;22.06.2023
968;Gloria;Trewin;F;gtrewinqv@youku.com;$3829.74;Washington, DC;23.01.2024
969;Marlon;Pedycan;Unknown;mpedycanqw@homestead.com;$5456.22;Springfield, MO;09.01.2023
970;Danice;Francisco;F;dfranciscoqx@walmart.com;$4992.88;Fort Worth, TX;04.05.2025
971;Dougie;Snoxell;F;dsnoxellqy@macromedia.com;$3824.31;Cincinnati, OH;10.03.2024
972;OTHILIA;Archard;Female;oarchardqz@ucoz.ru;$5243.25;York, PA;10.07.2024
973;Loni;Heimes;Male;lheimesr0@google.com;$5902.25;Atlanta, GA;16.04.2023
974;Beatrisa;Christal;Female;;$4135.67;Mesquite, TX;16.05.2025
975;Marje;Troop;fem;mtroopr2@businessweek.com;$4272.79;Palm Bay, FL;14.03.2023
976;Randa;Pickthorn;Female;rpickthornr3@macromedia.com;$4683.17;Van Nuys, CA;30.04.2023
977;Kimbra;Jeandel;Unknown;kjeandelr4@angelfire.com;$6126.35;Van Nuys, CA;30.04.2024
978;Merola;Townby;M;mtownbyr5@wired.com;$5138.35;Gainesville, FL;01.05.2023
979;Errick;Southern;Unknown;esouthernr6@usda.gov;$6145.81;Long Beach, CA;27.02.2025
980;GWENNY;Jenny;male;gjennyr7@simplemachines.org;$4581.36;Louisville, KY;22.10.2023
981;Lynette;;female;lcostelowr8@infoseek.co.jp;$4742.93;Miami, FL;03.04.2024
982;COLMAN;Ikringill;Unknown;;$6568.08;Fort Myers, FL;07.05.2023
983;Evin;De Haven;M;;$4506.11;Long Beach, CA;04.10.2025
984;Rosco;Langcastle;Male;rlangcastlerb@is.gd;$4192.35;Palm Bay, FL;31.12.2023
985;Cornie;Le Monnier;Unknown;;$5202.70;Spartanburg, SC;22.02.2023
986;Ema;Crossland;fem;ecrosslandrd@alibaba.com;$4154.35;Rochester, NY;18.07.2025
987;Marina;Pennycord;fem;mpennycordre@amazonaws.com;$4083.89;San Francisco, CA;17.03.2024
988;Kimberley;Sealey;Male;ksealeyrf@myspace.com;$4716.64;Bakersfield, CA;04.08.2024
989;Elwin;D'Aeth;Male;edaethrg@gravatar.com;$5848.73;Tulsa, OK;31.05.2023
990;Penelope;Baumford;fem;pbaumfordrh@nytimes.com;$6085.83;Texarkana, TX;03.07.2025
991;Eleanore;Callen;Unknown;ecallenri@friendfeed.com;$5142.93;Fort Wayne, IN;19.09.2025
992;Leland;Corballis;Female;lcorballisrj@dagondesign.com;$4639.28;Lakeland, FL;30.03.2025
993;Wilhelm;Duchan;Female;wduchanrk@homestead.com;$5384.26;Cincinnati, OH;05.04.2024
994;Tully;Bernade;Female;tbernaderl@nhs.uk;$5555.72;Battle Creek, MI;28.05.2023
995;Nonna;Cansdell;F;ncansdellrm@ezinearticles.com;$5057.20;New Bedford, MA;22.09.2024
996;Skylar;Normanton;Unknown;;$4175.35;Cleveland, OH;25.02.2025
997;Manfred;;F;mreefro@cornell.edu;$3920.38;Cincinnati, OH;11.11.2025
998;Fawnia;Scuffham;female;fscuffhamrp@miitbeian.gov.cn;$5113.88;Gainesville, FL;10.12.2024
999;Brittany;Crocetto;Unknown;;$5465.72;Atlanta, GA;15.03.2024
1000;Hubey;Rushbrooke;female;hrushbrookerr@whitehouse.gov;$5504.61;Chicago, IL;22.08.2025
79;Randee;Pipes;M;;$5591.33;Scranton, PA;17.02.2023
80;Giacobo;Millsom;female;gmillsom27@amazon.de;$5605.14;Fort Smith, AR;18.02.2025
81;DANIELE;Wimms;Female;;$4542.30;Salt Lake City, UT;09.04.2024
82;BARNETT;Ondrus;male;;$6115.36;Austin, TX;30.03.2025
83;Mollee;;Unknown;mberwick2a@yellowbook.com;$6340.07;Sacramento, CA;31.12.2024
84;Hillyer;Borleace;Female;hborleace2b@webnode.com;$4794.75;Orlando, FL;29.11.2023
85;Panchito;Lamanby;fem;plamanby2c@latimes.com;$5080.69;Kingsport, TN;25.06.2023
86;Carree;Caldecourt;M;ccaldecourt2d@homestead.com;$6063.39;Shreveport, LA;18.06.2025
87;Karilynn;Smithers;male;ksmithers2e@issuu.com;$6166.62;Madison, WI;09.12.2025
88;Katrinka;Bergstrand;F;kbergstrand2f@networkadvertising.org;$4322.58;Cincinnati, OH;02.11.2023
89;Gert;Bulman;Unknown;gbulman2g@facebook.com;$5384.34;Harrisburg, PA;13.07.2024
90;Tory;Kellock;F;tkellock2h@fastcompany.com;$5004.63;Lincoln, NE;07.07.2023
91;Ivor;MacPadene;M;;$5543.59;Arlington, VA;03.06.2025
92;Sara-ann;Dreini;female;;$5730.91;Columbus, OH;22.04.2025
93;Vidovik;Wallicker;male;vwallicker2k@exblog.jp;$3900.37;Houston, TX;22.12.2024
94;TIEBOLD;Winckworth;male;twinckworth2l@tumblr.com;$4783.24;Charlotte, NC;09.03.2025
95;Lexi;MacKegg;Female;lmackegg2m@oracle.com;$5538.54;Spring, TX;27.08.2024
96;Sloan;Fink;fem;sfink2n@tripadvisor.com;$4386.50;Cincinnati, OH;29.01.2025
97;Madelene;Larkcum;F;mlarkcum2o@yahoo.co.jp;$4444.27;Los Angeles, CA;31.03.2023
98;Bear;Zellick;fem;bzellick2p@berkeley.edu;$6453.87;Glendale, CA;14.10.2024
99;Clementius;Bowditch;fem;cbowditch2q@dmoz.org;$6424.86;Huntington, WV;10.12.2025
100;Salomi;Weedon;fem;;$5925.95;Louisville, KY;01.12.2023
101;Glori;Allston;M;gallston2s@sbwire.com;$5841.79;Santa Barbara, CA;13.02.2023
102;Myrwyn;Brader;Female;mbrader2t@utexas.edu;$4345.31;Denton, TX;10.08.2024
103;Janifer;O'Hannen;Unknown;johannen2u@1und1.de;$4045.68;Hagerstown, MD;13.10.2025
104;Ingra;Hanster;Female;;$4418.95;Atlanta, GA;26.12.2025
105;Klara;Torn;Female;ktorn2w@japanpost.jp;$6443.22;Punta Gorda, FL;21.02.2023
